Verb,Tense,Subject
আঁক,Root,2nd_i
আঁকা,Base,pos_f
আঁকাই,Present,1st
আঁকাইও,Present,2nd_f
আঁকাইত,Past,3rd_f
আঁকাইতাম,Past,1st
আঁকাইতিস,Past,2nd_i
আঁকাইতে,Past,2nd_f
আঁকাইতেছ,Present,2nd_f
আঁকাইতেছি,Present,1st
আঁকাইতেছিল,Past,3rd_f
আঁকাইতেছিলাম,Past,1st
আঁকাইতেছিলি,Past,1st
আঁকাইতেছিলে,Past,2nd_f
আঁকাইতেছিলেন,Past,pol_f
আঁকাইতেছিস,Present,2nd_i
আঁকাইতেছে,Present,2nd_f
আঁকাইতেছেন,Present,pol_f
আঁকাইতেন,Past,pol_f
আঁকাইব,Future,1st
আঁকাইবার,Present,404_f
আঁকাইবি,Future,1st
আঁকাইবে,Future,2nd_f
আঁকাইবেন,Future,pol_f
আঁকাইয়া,Participle,404_f
আঁকাইয়াছ,Present,2nd_f
আঁকাইয়াছি,Present,1st
আঁকাইয়াছিল,Past,3rd_f
আঁকাইয়াছিলাম,Past,1st
আঁকাইয়াছিলি,Past,1st
আঁকাইয়াছিলে,Past,2nd_f
আঁকাইয়াছিলেন,Past,pol_f
আঁকাইয়াছিস,Present,2nd_i
আঁকাইয়াছে,Present,3rd_f
আঁকাইয়াছেন,Present,pol_f
আঁকাইয়ো,Present,2nd_f
আঁকাইল,Past,3rd_f
আঁকাইলাম,Past,1st
আঁকাইলি,Past,1st
আঁকাইলে,Past,2nd_f
আঁকাইলেন,Past,pol_f
আঁকাও,Present,2nd_f
আঁকাক,Present,3rd_f
আঁকাচ্ছ,Present,2nd_f
আঁকাচ্ছি,Present,1st
আঁকাচ্ছিল,Past,3rd_f
আঁকাচ্ছিলাম,Past,1st
আঁকাচ্ছিলি,Past,1st
আঁকাচ্ছিলুম,Past,1st
আঁকাচ্ছিলে,Past,2nd_f
আঁকাচ্ছিলেন,Past,pol_f
আঁকাচ্ছিলেম,Past,1st
আঁকাচ্ছিস,Present,2nd_i
আঁকাচ্ছে,Present,3rd_f
আঁকাচ্ছেন,Present,pol_f
আঁকাত,Past,3rd_f
আঁকাতাম,Past,1st
আঁকাতিস,Past,2nd_i
আঁকাতুম,Past,1st
আঁকাতে,Past,2nd_f
আঁকাতেন,Past,pol_f
আঁকাতেম,Past,1st
আঁকান,Present,pol_f
আঁকানো,Present,obj_f
আঁকাব,Future,1st
আঁকাবার,Present,404_f
আঁকাবি,Future,1st
আঁকাবে,Future,2nd_f
আঁকাবেন,Future,pol_f
আঁকাবো,Future,1st
আঁকায়,Present,3rd_f
আঁকার,Present,404_f
আঁকাল,Past,3rd_f
আঁকালাম,Past,1st
আঁকালি,Past,1st
আঁকালুম,Past,1st
আঁকালে,Past,2nd_f
আঁকালেন,Past,pol_f
আঁকালেম,Past,1st
আঁকাস,Present,2nd_i
আঁকি,Present,1st
আঁকিও,Present,2nd_f
আঁকিত,Past,3rd_f
আঁকিতাম,Past,1st
আঁকিতিস,Past,2nd_i
আঁকিতে,Past,2nd_f
আঁকিতেছ,Present,2nd_f
আঁকিতেছি,Present,1st
আঁকিতেছিল,Past,3rd_f
আঁকিতেছিলাম,Past,1st
আঁকিতেছিলি,Past,1st
আঁকিতেছিলে,Past,2nd_f
আঁকিতেছিলেন,Past,pol_f
আঁকিতেছিস,Present,2nd_i
আঁকিতেছে,Present,2nd_f
আঁকিতেছেন,Present,pol_f
আঁকিতেন,Past,pol_f
আঁকিব,Future,1st
আঁকিবার,Present,404_f
আঁকিবি,Future,1st
আঁকিবে,Future,2nd_f
আঁকিবেন,Future,pol_f
আঁকিয়া,Participle,404_f
আঁকিয়াছ,Present,2nd_f
আঁকিয়াছি,Present,1st
আঁকিয়াছিল,Past,3rd_f
আঁকিয়াছিলাম,Past,1st
আঁকিয়াছিলি,Past,1st
আঁকিয়াছিলে,Past,2nd_f
আঁকিয়াছিলেন,Past,pol_f
আঁকিয়াছিস,Present,2nd_i
আঁকিয়াছে,Present,3rd_f
আঁকিয়াছেন,Present,pol_f
আঁকিয়ে,Participle,404_f
আঁকিয়েছ,Present,2nd_f
আঁকিয়েছি,Present,1st
আঁকিয়েছিল,Past,3rd_f
আঁকিয়েছিলাম,Past,1st
আঁকিয়েছিলি,Past,1st
আঁকিয়েছিলুম,Past,1st
আঁকিয়েছিলে,Past,2nd_f
আঁকিয়েছিলেন,Past,pol_f
আঁকিয়েছিলেম,Past,1st
আঁকিয়েছিস,Present,2nd_i
আঁকিয়েছে,Present,2nd_f
আঁকিয়েছেন,Present,pol_f
আঁকিয়ো,Present,2nd_f
আঁকিল,Past,3rd_f
আঁকিলাম,Past,1st
আঁকিলি,Past,1st
আঁকিলে,Past,2nd_f
আঁকিলেন,Past,pol_f
আঁকিস,Present,2nd_i
আঁকুক,Present,3rd_f
আঁকুন,Present,pol_f
আঁকে,Present,3rd_f
আঁকেন,Present,pol_f
আঁকছ,Present,2nd_f
আঁকছি,Present,1st
আঁকছিল,Past,3rd_f
আঁকছিলাম,Past,1st
আঁকছিলি,Past,1st
আঁকছিলুম,Past,1st
আঁকছিলে,Past,2nd_f
আঁকছিলেন,Past,pol_f
আঁকছিলেম,Past,1st
আঁকছিস,Present,2nd_i
আঁকছে,Present,3rd_f
আঁকছেন,Present,pol_f
আসা,Base,pos_f
আসার,Present,404_f
আসি,Present,1st
আসিও,Present,2nd_f
আসিত,Past,3rd_f
আসিতাম,Past,1st
আসিতিস,Past,2nd_i
আসিতে,Past,2nd_f
আসিতেছ,Present,2nd_f
আসিতেছি,Present,1st
আসিতেছিল,Past,3rd_f
আসিতেছিলাম,Past,1st
আসিতেছিলি,Past,1st
আসিতেছিলে,Past,2nd_f
আসিতেছিলেন,Past,pol_f
আসিতেছিস,Present,2nd_i
আসিতেছে,Present,2nd_f
আসিতেছেন,Present,pol_f
আসিতেন,Past,pol_f
আসিব,Future,1st
আসিবার,Present,404_f
আসিবি,Future,1st
আসিবে,Future,2nd_f
আসিবেন,Future,pol_f
আসিয়া,Participle,404_f
আসিয়াছ,Present,2nd_f
আসিয়াছি,Present,1st
আসিয়াছিল,Past,3rd_f
আসিয়াছিলাম,Past,1st
আসিয়াছিলি,Past,1st
আসিয়াছিলে,Past,2nd_f
আসিয়াছিলেন,Past,pol_f
আসিয়াছিস,Present,2nd_i
আসিয়াছে,Present,3rd_f
আসিয়াছেন,Present,pol_f
আসিয়ো,Present,2nd_f
আসিল,Past,3rd_f
আসিলাম,Past,1st
আসিলি,Past,1st
আসিলে,Past,2nd_f
আসিলেন,Past,pol_f
আসিস,Present,2nd_i
আসুক,Present,3rd_f
আসুন,Present,pol_f
আসে,Present,3rd_f
আসেন,Present,pol_f
আসছ,Present,2nd_f
আসছি,Present,1st
আসছিল,Past,3rd_f
আসছিলাম,Past,1st
আসছিলি,Past,1st
আসছিলুম,Past,1st
আসছিলে,Past,2nd_f
আসছিলেন,Past,pol_f
আসছিলেম,Past,1st
আসছিস,Present,2nd_i
আসছে,Present,3rd_f
আসছেন,Present,pol_f
আসত,Past,3rd_f
আসতাম,Past,1st
আসতিস,Past,2nd_i
আসতুম,Past,1st
আসতে,Past,2nd_f
আসতেন,Past,pol_f
আসতেম,Past,1st
আসব,Future,1st
আসবার,Present,404_f
আসবি,Future,1st
আসবে,Future,2nd_f
আসবেন,Future,pol_f
আসবো,Future,1st
আসল,Past,3rd_f
আসলাম,Past,1st
আসলুম,Past,1st
আসলে,Past,2nd_f
আসলেন,Past,pol_f
আসলেম,Past,1st
উঠ,Root,2nd_i
উঠা,Base,pos_f
উঠাই,Present,1st
উঠাইও,Present,2nd_f
উঠাইত,Past,3rd_f
উঠাইতাম,Past,1st
উঠাইতিস,Past,2nd_i
উঠাইতে,Past,2nd_f
উঠাইতেছ,Present,2nd_f
উঠাইতেছি,Present,1st
উঠাইতেছিল,Past,3rd_f
উঠাইতেছিলাম,Past,1st
উঠাইতেছিলি,Past,1st
উঠাইতেছিলে,Past,2nd_f
উঠাইতেছিলেন,Past,pol_f
উঠাইতেছিস,Present,2nd_i
উঠাইতেছে,Present,2nd_f
উঠাইতেছেন,Present,pol_f
উঠাইতেন,Past,pol_f
উঠাইব,Future,1st
উঠাইবার,Present,404_f
উঠাইবি,Future,1st
উঠাইবে,Future,2nd_f
উঠাইবেন,Future,pol_f
উঠাইয়া,Participle,404_f
উঠাইয়াছ,Present,2nd_f
উঠাইয়াছি,Present,1st
উঠাইয়াছিল,Past,3rd_f
উঠাইয়াছিলাম,Past,1st
উঠাইয়াছিলি,Past,1st
উঠাইয়াছিলে,Past,2nd_f
উঠাইয়াছিলেন,Past,pol_f
উঠাইয়াছিস,Present,2nd_i
উঠাইয়াছে,Present,3rd_f
উঠাইয়াছেন,Present,pol_f
উঠাইয়ো,Present,2nd_f
উঠাইল,Past,3rd_f
উঠাইলাম,Past,1st
উঠাইলি,Past,1st
উঠাইলে,Past,2nd_f
উঠাইলেন,Past,pol_f
উঠাও,Present,2nd_f
উঠাক,Present,3rd_f
উঠায়,Present,3rd_f
উঠাস,Present,2nd_i
উঠই,Present,1st
উঠি,Present,1st
উঠিও,Present,2nd_f
উঠিতাম,Past,1st
উঠিতিস,Past,2nd_i
উঠিতে,Past,2nd_f
উঠিতেছ,Present,2nd_f
উঠিতেছি,Present,1st
উঠিতেছিল,Past,3rd_f
উঠিতেছিলাম,Past,1st
উঠিতেছিলি,Past,1st
উঠিতেছিলে,Past,2nd_f
উঠিতেছিলেন,Past,pol_f
উঠিতেছিস,Present,2nd_i
উঠিতেছে,Present,2nd_f
উঠিতেছেন,Present,pol_f
উঠিতেন,Past,pol_f
উঠিব,Future,1st
উঠিবার,Present,404_f
উঠিবি,Future,1st
উঠিবে,Future,2nd_f
উঠিবেন,Future,pol_f
উঠিয়া,Participle,404_f
উঠিয়াছ,Present,2nd_f
উঠিয়াছি,Present,1st
উঠিয়াছিল,Past,3rd_f
উঠিয়াছিলাম,Past,1st
উঠিয়াছিলি,Past,1st
উঠিয়াছিলে,Past,2nd_f
উঠিয়াছিলেন,Past,pol_f
উঠিয়াছিস,Present,2nd_i
উঠিয়াছে,Present,3rd_f
উঠিয়াছেন,Present,pol_f
উঠিয়ে,Participle,404_f
উঠিয়েছ,Present,2nd_f
উঠিয়েছি,Present,1st
উঠিয়েছিল,Past,3rd_f
উঠিয়েছিলাম,Past,1st
উঠিয়েছিলি,Past,1st
উঠিয়েছিলুম,Past,1st
উঠিয়েছিলে,Past,2nd_f
উঠিয়েছিলেন,Past,pol_f
উঠিয়েছিলেম,Past,1st
উঠিয়েছিস,Present,2nd_i
উঠিয়েছে,Present,2nd_f
উঠিয়েছেন,Present,pol_f
উঠিয়ো,Present,2nd_f
উঠিল,Past,3rd_f
উঠিলাম,Past,1st
উঠিলি,Past,1st
উঠিলে,Past,2nd_f
উঠিলেন,Past,pol_f
উঠিস,Present,2nd_i
উঠুক,Present,3rd_f
উঠুন,Present,pol_f
উঠে,Present,3rd_f
উঠেছ,Present,2nd_f
উঠেছি,Present,1st
উঠেছিল,Past,3rd_f
উঠেছিলাম,Past,1st
উঠেছিলি,Past,1st
উঠেছিলুম,Past,1st
উঠেছিলে,Past,2nd_f
উঠেছিলেন,Past,pol_f
উঠেছিলেম,Past,1st
উঠেছিস,Present,2nd_i
উঠেছে,Present,2nd_f
উঠেছেন,Present,pol_f
উঠেন,Present,pol_f
উঠেপড়ে,Present,3rd_f
উঠও,Present,2nd_f
উঠো,Present,2nd_f
উঠচ্ছ,Present,2nd_f
উঠচ্ছি,Present,1st
উঠচ্ছিল,Past,3rd_f
উঠচ্ছিলাম,Past,1st
উঠচ্ছিলি,Past,1st
উঠচ্ছিলুম,Past,1st
উঠচ্ছিলে,Past,2nd_f
উঠচ্ছিলেন,Past,pol_f
উঠচ্ছিলেম,Past,1st
উঠচ্ছিস,Present,2nd_i
উঠচ্ছে,Present,3rd_f
উঠচ্ছেন,Present,pol_f
উঠছ,Present,2nd_f
উঠছি,Present,1st
উঠছিল,Past,3rd_f
উঠছিলাম,Past,1st
উঠছিলি,Past,1st
উঠছিলুম,Past,1st
উঠছিলে,Past,2nd_f
উঠছিলেন,Past,pol_f
উঠছিলেম,Past,1st
উঠছিস,Present,2nd_i
উঠছে,Present,3rd_f
উঠছেন,Present,pol_f
উঠত,Past,3rd_f
উঠতাম,Past,1st
উঠতিস,Past,2nd_i
উঠতুম,Past,1st
উঠতে,Past,2nd_f
উঠতেন,Past,pol_f
উঠতেম,Past,1st
উঠনো,Present,obj_f
উঠব,Future,1st
উঠবার,Present,404_f
উঠবি,Future,1st
উঠবে,Future,2nd_f
উঠবেন,Future,pol_f
উঠবো,Future,1st
উঠয়,Present,3rd_f
উঠল,Past,3rd_f
উঠলাম,Past,1st
উঠলি,Past,1st
উঠলুম,Past,1st
উঠলে,Past,2nd_f
উঠলেন,Past,pol_f
উঠলেম,Past,1st
কাট,Root,2nd_i
কাটা,Base,pos_f
কাটাই,Present,1st
কাটাইও,Present,2nd_f
কাটাইত,Past,3rd_f
কাটাইতাম,Past,1st
কাটাইতিস,Past,2nd_i
কাটাইতে,Past,2nd_f
কাটাইতেছ,Present,2nd_f
কাটাইতেছি,Present,1st
কাটাইতেছিল,Past,3rd_f
কাটাইতেছিলাম,Past,1st
কাটাইতেছিলি,Past,1st
কাটাইতেছিলে,Past,2nd_f
কাটাইতেছিলেন,Past,pol_f
কাটাইতেছিস,Present,2nd_i
কাটাইতেছে,Present,2nd_f
কাটাইতেছেন,Present,pol_f
কাটাইতেন,Past,pol_f
কাটাইব,Future,1st
কাটাইবার,Present,404_f
কাটাইবি,Future,1st
কাটাইবে,Future,2nd_f
কাটাইবেন,Future,pol_f
কাটাইয়া,Participle,404_f
কাটাইয়াছ,Present,2nd_f
কাটাইয়াছি,Present,1st
কাটাইয়াছিল,Past,3rd_f
কাটাইয়াছিলাম,Past,1st
কাটাইয়াছিলি,Past,1st
কাটাইয়াছিলে,Past,2nd_f
কাটাইয়াছিলেন,Past,pol_f
কাটাইয়াছিস,Present,2nd_i
কাটাইয়াছে,Present,3rd_f
কাটাইয়াছেন,Present,pol_f
কাটাইয়ো,Present,2nd_f
কাটাইল,Past,3rd_f
কাটাইলাম,Past,1st
কাটাইলি,Past,1st
কাটাইলে,Past,2nd_f
কাটাইলেন,Past,pol_f
কাটাও,Present,2nd_f
কাটাক,Present,3rd_f
কাটাচ্ছ,Present,2nd_f
কাটাচ্ছি,Present,1st
কাটাচ্ছিল,Past,3rd_f
কাটাচ্ছিলাম,Past,1st
কাটাচ্ছিলি,Past,1st
কাটাচ্ছিলুম,Past,1st
কাটাচ্ছিলে,Past,2nd_f
কাটাচ্ছিলেন,Past,pol_f
কাটাচ্ছিলেম,Past,1st
কাটাচ্ছিস,Present,2nd_i
কাটাচ্ছে,Present,3rd_f
কাটাচ্ছেন,Present,pol_f
কাটাত,Past,3rd_f
কাটাতাম,Past,1st
কাটাতিস,Past,2nd_i
কাটাতুম,Past,1st
কাটাতে,Past,2nd_f
কাটাতেন,Past,pol_f
কাটাতেম,Past,1st
কাটান,Present,pol_f
কাটানো,Present,obj_f
কাটাব,Future,1st
কাটাবার,Present,404_f
কাটাবি,Future,1st
কাটাবে,Future,2nd_f
কাটাবেন,Future,pol_f
কাটাবো,Future,1st
কাটায়,Present,3rd_f
কাটার,Present,404_f
কাটাল,Past,3rd_f
কাটালাম,Past,1st
কাটালি,Past,1st
কাটালুম,Past,1st
কাটালে,Past,2nd_f
কাটালেন,Past,pol_f
কাটালেম,Past,1st
কাটাস,Present,2nd_i
কাটি,Present,1st
কাটিও,Present,2nd_f
কাটিত,Past,3rd_f
কাটিতাম,Past,1st
কাটিতিস,Past,2nd_i
কাটিতে,Past,2nd_f
কাটিতেছ,Present,2nd_f
কাটিতেছি,Present,1st
কাটিতেছিল,Past,3rd_f
কাটিতেছিলাম,Past,1st
কাটিতেছিলি,Past,1st
কাটিতেছিলে,Past,2nd_f
কাটিতেছিলেন,Past,pol_f
কাটিতেছিস,Present,2nd_i
কাটিতেছে,Present,2nd_f
কাটিতেছেন,Present,pol_f
কাটিতেন,Past,pol_f
কাটিব,Future,1st
কাটিবার,Present,404_f
কাটিবি,Future,1st
কাটিবে,Future,2nd_f
কাটিবেন,Future,pol_f
কাটিয়া,Participle,404_f
কাটিয়াছ,Present,2nd_f
কাটিয়াছি,Present,1st
কাটিয়াছিল,Past,3rd_f
কাটিয়াছিলাম,Past,1st
কাটিয়াছিলি,Past,1st
কাটিয়াছিলে,Past,2nd_f
কাটিয়াছিলেন,Past,pol_f
কাটিয়াছিস,Present,2nd_i
কাটিয়াছে,Present,3rd_f
কাটিয়াছেন,Present,pol_f
কাটিয়ে,Participle,404_f
কাটিয়েছ,Present,2nd_f
কাটিয়েছি,Present,1st
কাটিয়েছিল,Past,3rd_f
কাটিয়েছিলাম,Past,1st
কাটিয়েছিলি,Past,1st
কাটিয়েছিলুম,Past,1st
কাটিয়েছিলে,Past,2nd_f
কাটিয়েছিলেন,Past,pol_f
কাটিয়েছিলেম,Past,1st
কাটিয়েছিস,Present,2nd_i
কাটিয়েছে,Present,2nd_f
কাটিয়েছেন,Present,pol_f
কাটিয়ো,Present,2nd_f
কাটিল,Past,3rd_f
কাটিলাম,Past,1st
কাটিলি,Past,1st
কাটিলে,Past,2nd_f
কাটিলেন,Past,pol_f
কাটিস,Present,2nd_i
কাটুক,Present,3rd_f
কাটুন,Present,pol_f
কাটে,Present,3rd_f
কাটেন,Present,pol_f
কাটছ,Present,2nd_f
কাটছি,Present,1st
কাটছিল,Past,3rd_f
কাটছিলাম,Past,1st
কাটছিলি,Past,1st
কাটছিলুম,Past,1st
কাটছিলে,Past,2nd_f
কাটছিলেন,Past,pol_f
কাটছিলেম,Past,1st
কাটছিস,Present,2nd_i
কাটছে,Present,3rd_f
কাটছেন,Present,pol_f
কাটত,Past,3rd_f
কাটতাম,Past,1st
কাটতিস,Past,2nd_i
কাটতুম,Past,1st
কাটতে,Past,2nd_f
কাটতেন,Past,pol_f
কাটতেম,Past,1st
কাটনো,Present,obj_f
কাটব,Future,1st
কাটবার,Present,404_f
কাটবি,Future,1st
কাটবে,Future,2nd_f
কাটবেন,Future,pol_f
কাটবো,Future,1st
কাটল,Past,3rd_f
কাটলাম,Past,1st
কাটলি,Past,1st
কাটলুম,Past,1st
কাটলে,Past,2nd_f
কাটলেন,Past,pol_f
কাটলেম,Past,1st
কাঁদ,Root,2nd_i
কাঁদা,Base,pos_f
কাঁদাই,Present,1st
কাঁদাইও,Present,2nd_f
কাঁদাইত,Past,3rd_f
কাঁদাইতাম,Past,1st
কাঁদাইতিস,Past,2nd_i
কাঁদাইতে,Past,2nd_f
কাঁদাইতেছ,Present,2nd_f
কাঁদাইতেছি,Present,1st
কাঁদাইতেছিল,Past,3rd_f
কাঁদাইতেছিলাম,Past,1st
কাঁদাইতেছিলি,Past,1st
কাঁদাইতেছিলে,Past,2nd_f
কাঁদাইতেছিলেন,Past,pol_f
কাঁদাইতেছিস,Present,2nd_i
কাঁদাইতেছে,Present,2nd_f
কাঁদাইতেছেন,Present,pol_f
কাঁদাইতেন,Past,pol_f
কাঁদাইব,Future,1st
কাঁদাইবার,Present,404_f
কাঁদাইবি,Future,1st
কাঁদাইবে,Future,2nd_f
কাঁদাইবেন,Future,pol_f
কাঁদাইয়া,Participle,404_f
কাঁদাইয়াছ,Present,2nd_f
কাঁদাইয়াছি,Present,1st
কাঁদাইয়াছিল,Past,3rd_f
কাঁদাইয়াছিলাম,Past,1st
কাঁদাইয়াছিলি,Past,1st
কাঁদাইয়াছিলে,Past,2nd_f
কাঁদাইয়াছিলেন,Past,pol_f
কাঁদাইয়াছিস,Present,2nd_i
কাঁদাইয়াছে,Present,3rd_f
কাঁদাইয়াছেন,Present,pol_f
কাঁদাইয়ো,Present,2nd_f
কাঁদাইল,Past,3rd_f
কাঁদাইলাম,Past,1st
কাঁদাইলি,Past,1st
কাঁদাইলে,Past,2nd_f
কাঁদাইলেন,Past,pol_f
কাঁদাও,Present,2nd_f
কাঁদাক,Present,3rd_f
কাঁদাচ্ছ,Present,2nd_f
কাঁদাচ্ছি,Present,1st
কাঁদাচ্ছিল,Past,3rd_f
কাঁদাচ্ছিলাম,Past,1st
কাঁদাচ্ছিলি,Past,1st
কাঁদাচ্ছিলুম,Past,1st
কাঁদাচ্ছিলে,Past,2nd_f
কাঁদাচ্ছিলেন,Past,pol_f
কাঁদাচ্ছিলেম,Past,1st
কাঁদাচ্ছিস,Present,2nd_i
কাঁদাচ্ছে,Present,3rd_f
কাঁদাচ্ছেন,Present,pol_f
কাঁদাত,Past,3rd_f
কাঁদাতাম,Past,1st
কাঁদাতিস,Past,2nd_i
কাঁদাতুম,Past,1st
কাঁদাতে,Past,2nd_f
কাঁদাতেন,Past,pol_f
কাঁদাতেম,Past,1st
কাঁদান,Present,pol_f
কাঁদানো,Present,obj_f
কাঁদাব,Future,1st
কাঁদাবার,Present,404_f
কাঁদাবি,Future,1st
কাঁদাবে,Future,2nd_f
কাঁদাবেন,Future,pol_f
কাঁদাবো,Future,1st
কাঁদায়,Present,3rd_f
কাঁদার,Present,404_f
কাঁদাল,Past,3rd_f
কাঁদালাম,Past,1st
কাঁদালি,Past,1st
কাঁদালুম,Past,1st
কাঁদালে,Past,2nd_f
কাঁদালেন,Past,pol_f
কাঁদালেম,Past,1st
কাঁদাস,Present,2nd_i
কাঁদি,Present,1st
কাঁদিও,Present,2nd_f
কাঁদিত,Past,3rd_f
কাঁদিতাম,Past,1st
কাঁদিতিস,Past,2nd_i
কাঁদিতে,Past,2nd_f
কাঁদিতেছ,Present,2nd_f
কাঁদিতেছি,Present,1st
কাঁদিতেছিল,Past,3rd_f
কাঁদিতেছিলাম,Past,1st
কাঁদিতেছিলি,Past,1st
কাঁদিতেছিলে,Past,2nd_f
কাঁদিতেছিলেন,Past,pol_f
কাঁদিতেছিস,Present,2nd_i
কাঁদিতেছে,Present,2nd_f
কাঁদিতেছেন,Present,pol_f
কাঁদিতেন,Past,pol_f
কাঁদিব,Future,1st
কাঁদিবার,Present,404_f
কাঁদিবি,Future,1st
কাঁদিবে,Future,2nd_f
কাঁদিবেন,Future,pol_f
কাঁদিয়া,Participle,404_f
কাঁদিয়াছ,Present,2nd_f
কাঁদিয়াছি,Present,1st
কাঁদিয়াছিল,Past,3rd_f
কাঁদিয়াছিলাম,Past,1st
কাঁদিয়াছিলি,Past,1st
কাঁদিয়াছিলে,Past,2nd_f
কাঁদিয়াছিলেন,Past,pol_f
কাঁদিয়াছিস,Present,2nd_i
কাঁদিয়াছে,Present,3rd_f
কাঁদিয়াছেন,Present,pol_f
কাঁদিয়ে,Participle,404_f
কাঁদিয়েছ,Present,2nd_f
কাঁদিয়েছি,Present,1st
কাঁদিয়েছিল,Past,3rd_f
কাঁদিয়েছিলাম,Past,1st
কাঁদিয়েছিলি,Past,1st
কাঁদিয়েছিলুম,Past,1st
কাঁদিয়েছিলে,Past,2nd_f
কাঁদিয়েছিলেন,Past,pol_f
কাঁদিয়েছিলেম,Past,1st
কাঁদিয়েছিস,Present,2nd_i
কাঁদিয়েছে,Present,2nd_f
কাঁদিয়েছেন,Present,pol_f
কাঁদিয়ো,Present,2nd_f
কাঁদিল,Past,3rd_f
কাঁদিলাম,Past,1st
কাঁদিলি,Past,1st
কাঁদিলে,Past,2nd_f
কাঁদিলেন,Past,pol_f
কাঁদিস,Present,2nd_i
কাঁদুক,Present,3rd_f
কাঁদুন,Present,pol_f
কাঁদে,Present,3rd_f
কাঁদেন,Present,pol_f
কাঁদছ,Present,2nd_f
কাঁদছি,Present,1st
কাঁদছিল,Past,3rd_f
কাঁদছিলাম,Past,1st
কাঁদছিলি,Past,1st
কাঁদছিলুম,Past,1st
কাঁদছিলে,Past,2nd_f
কাঁদছিলেন,Past,pol_f
কাঁদছিলেম,Past,1st
কাঁদছিস,Present,2nd_i
কাঁদছে,Present,3rd_f
কাঁদছেন,Present,pol_f
কাঁদত,Past,3rd_f
কাঁদতাম,Past,1st
কাঁদতিস,Past,2nd_i
কাঁদতুম,Past,1st
কাঁদতে,Past,2nd_f
কাঁদতেন,Past,pol_f
কাঁদতেম,Past,1st
কাঁদব,Future,1st
কাঁদবার,Present,404_f
কাঁদবি,Future,1st
কাঁদবে,Future,2nd_f
কাঁদবেন,Future,pol_f
কাঁদবো,Future,1st
কাঁদল,Past,3rd_f
কাঁদলাম,Past,1st
কাঁদলি,Past,1st
কাঁদলুম,Past,1st
কাঁদলে,Past,2nd_f
কাঁদলেন,Past,pol_f
কাঁদলেম,Past,1st
খা,Root,2nd_i
খাই,Present,1st
খাইও,Present,2nd_f
খাইত,Past,3rd_f
খাইতাম,Past,1st
খাইতিস,Past,2nd_i
খাইতে,Past,2nd_f
খাইতেছ,Present,2nd_f
খাইতেছি,Present,1st
খাইতেছিল,Past,3rd_f
খাইতেছিলাম,Past,1st
খাইতেছিলি,Past,1st
খাইতেছিলে,Past,2nd_f
খাইতেছিলেন,Past,pol_f
খাইতেছিস,Present,2nd_i
খাইতেছে,Present,2nd_f
খাইতেছেন,Present,pol_f
খাইতেন,Past,pol_f
খাইব,Future,1st
খাইবার,Present,404_f
খাইবি,Future,1st
খাইবে,Future,2nd_f
খাইবেন,Future,pol_f
খাইয়া,Participle,404_f
খাইয়াছ,Present,2nd_f
খাইয়াছি,Present,1st
খাইয়াছিল,Past,3rd_f
খাইয়াছিলাম,Past,1st
খাইয়াছিলি,Past,1st
খাইয়াছিলে,Past,2nd_f
খাইয়াছিলেন,Past,pol_f
খাইয়াছিস,Present,2nd_i
খাইয়াছে,Present,3rd_f
খাইয়াছেন,Present,pol_f
খাইয়ে,Participle,404_f
খাইয়েছ,Present,2nd_f
খাইয়েছি,Present,1st
খাইয়েছিল,Past,3rd_f
খাইয়েছিলাম,Past,1st
খাইয়েছিলি,Past,1st
খাইয়েছিলুম,Past,1st
খাইয়েছিলে,Past,2nd_f
খাইয়েছিলেন,Past,pol_f
খাইয়েছিলেম,Past,1st
খাইয়েছিস,Present,2nd_i
খাইয়েছে,Present,2nd_f
খাইয়েছেন,Present,pol_f
খাইয়ো,Present,2nd_f
খাইল,Past,3rd_f
খাইলাম,Past,1st
খাইলি,Past,1st
খাইলে,Past,2nd_f
খাইলেন,Past,pol_f
খাও,Present,2nd_f
খাওয়া,Base,pos_f
খাওয়াই,Present,1st
খাওয়াইও,Present,2nd_f
খাওয়াইত,Past,3rd_f
খাওয়াইতাম,Past,1st
খাওয়াইতিস,Past,2nd_i
খাওয়াইতে,Past,2nd_f
খাওয়াইতেছ,Present,2nd_f
খাওয়াইতেছি,Present,1st
খাওয়াইতেছিল,Past,3rd_f
খাওয়াইতেছিলাম,Past,1st
খাওয়াইতেছিলি,Past,1st
খাওয়াইতেছিলে,Past,2nd_f
খাওয়াইতেছিলেন,Past,pol_f
খাওয়াইতেছিস,Present,2nd_i
খাওয়াইতেছে,Present,2nd_f
খাওয়াইতেছেন,Present,pol_f
খাওয়াইতেন,Past,pol_f
খাওয়াইব,Future,1st
খাওয়াইবার,Present,404_f
খাওয়াইবি,Future,1st
খাওয়াইবে,Future,2nd_f
খাওয়াইবেন,Future,pol_f
খাওয়াইয়া,Participle,404_f
খাওয়াইয়াছ,Present,2nd_f
খাওয়াইয়াছি,Present,1st
খাওয়াইয়াছিল,Past,3rd_f
খাওয়াইয়াছিলাম,Past,1st
খাওয়াইয়াছিলি,Past,1st
খাওয়াইয়াছিলে,Past,2nd_f
খাওয়াইয়াছিলেন,Past,pol_f
খাওয়াইয়াছিস,Present,2nd_i
খাওয়াইয়াছে,Present,3rd_f
খাওয়াইয়াছেন,Present,pol_f
খাওয়াইয়ো,Present,2nd_f
খাওয়াইল,Past,3rd_f
খাওয়াইলাম,Past,1st
খাওয়াইলি,Past,1st
খাওয়াইলে,Past,2nd_f
খাওয়াইলেন,Past,pol_f
খাওয়াও,Present,2nd_f
খাওয়াক,Present,3rd_f
খাওয়াচ্ছ,Present,2nd_f
খাওয়াচ্ছি,Present,1st
খাওয়াচ্ছিল,Past,3rd_f
খাওয়াচ্ছিলাম,Past,1st
খাওয়াচ্ছিলি,Past,1st
খাওয়াচ্ছিলুম,Past,1st
খাওয়াচ্ছিলে,Past,2nd_f
খাওয়াচ্ছিলেন,Past,pol_f
খাওয়াচ্ছিলেম,Past,1st
খাওয়াচ্ছিস,Present,2nd_i
খাওয়াচ্ছে,Present,3rd_f
খাওয়াচ্ছেন,Present,pol_f
খাওয়াত,Past,3rd_f
খাওয়াতাম,Past,1st
খাওয়াতিস,Past,2nd_i
খাওয়াতুম,Past,1st
খাওয়াতে,Past,2nd_f
খাওয়াতেন,Past,pol_f
খাওয়াতেম,Past,1st
খাওয়ান,Present,pol_f
খাওয়ানো,Present,obj_f
খাওয়াব,Future,1st
খাওয়াবার,Present,404_f
খাওয়াবি,Future,1st
খাওয়াবে,Future,2nd_f
খাওয়াবেন,Future,pol_f
খাওয়াবো,Future,1st
খাওয়ায়,Present,3rd_f
খাওয়াল,Past,3rd_f
খাওয়ালাম,Past,1st
খাওয়ালি,Past,1st
খাওয়ালুম,Past,1st
খাওয়ালে,Past,2nd_f
খাওয়ালেন,Past,pol_f
খাওয়ালেম,Past,1st
খাওয়াস,Present,2nd_i
খাক,Present,3rd_f
খাচ্ছ,Present,2nd_f
খাচ্ছি,Present,1st
খাচ্ছিল,Past,3rd_f
খাচ্ছিলাম,Past,1st
খাচ্ছিলি,Past,1st
খাচ্ছিলুম,Past,1st
খাচ্ছিলে,Past,2nd_f
খাচ্ছিলেন,Past,pol_f
খাচ্ছিলেম,Past,1st
খাচ্ছিস,Present,2nd_i
খাচ্ছে,Present,3rd_f
খাচ্ছেন,Present,pol_f
গাই,Present,1st
গাইও,Present,2nd_f
গাইছ,Present,2nd_f
গাইছি,Present,1st
গাইছিল,Past,3rd_f
গাইছিলাম,Past,1st
গাইছিলি,Past,1st
গাইছিলুম,Past,1st
গাইছিলে,Past,2nd_f
গাইছিলেন,Past,pol_f
গাইছিলেম,Past,1st
গাইছিস,Present,2nd_i
গাইছে,Present,3rd_f
গাইছেন,Present,pol_f
গাইত,Past,3rd_f
গাইতাম,Past,1st
গাইতিস,Past,2nd_i
গাইতুম,Past,1st
গাইতে,Past,2nd_f
গাইতেছিল,Past,3rd_f
গাইতেছিলাম,Past,1st
গাইতেছিলি,Past,1st
গাইতেছিলুম,Past,1st
গাইতেছিলে,Past,2nd_f
গাইতেছিলেন,Past,pol_f
গাইতেছিলেম,Past,1st
গাইতেন,Past,pol_f
গাইতেম,Past,1st
গাইব,Future,1st
গাইবার,Present,404_f
গাইবি,Future,1st
গাইবে,Future,2nd_f
গাইবেন,Future,pol_f
গাইবো,Future,1st
গাইয়ে,Participle,404_f
গাইয়েছ,Present,2nd_f
গাইয়েছি,Present,1st
গাইয়েছিল,Past,3rd_f
গাইয়েছিলাম,Past,1st
গাইয়েছিলি,Past,1st
গাইয়েছিলুম,Past,1st
গাইয়েছিলে,Past,2nd_f
গাইয়েছিলেন,Past,pol_f
গাইয়েছিলেম,Past,1st
গাইয়েছিস,Present,2nd_i
গাইয়েছে,Present,2nd_f
গাইয়েছেন,Present,pol_f
গাইয়ো,Present,2nd_f
গাইল,Past,3rd_f
গাইলাম,Past,1st
গাইলি,Past,1st
গাইলুম,Past,1st
গাইলে,Past,2nd_f
গাইলেন,Past,pol_f
গাইলেম,Past,1st
গাও,Present,2nd_f
গাওয়া,Base,pos_f
গাওয়াই,Present,1st
গাওয়াও,Present,2nd_f
গাওয়াক,Present,3rd_f
গাওয়াচ্ছ,Present,2nd_f
গাওয়াচ্ছি,Present,1st
গাওয়াচ্ছিল,Past,3rd_f
গাওয়াচ্ছিলাম,Past,1st
গাওয়াচ্ছিলি,Past,1st
গাওয়াচ্ছিলুম,Past,1st
গাওয়াচ্ছিলে,Past,2nd_f
গাওয়াচ্ছিলেন,Past,pol_f
গাওয়াচ্ছিলেম,Past,1st
গাওয়াচ্ছিস,Present,2nd_i
গাওয়াচ্ছে,Present,3rd_f
গাওয়াচ্ছেন,Present,pol_f
গাওয়াত,Past,3rd_f
গাওয়াতাম,Past,1st
গাওয়াতিস,Past,2nd_i
গাওয়াতুম,Past,1st
গাওয়াতে,Past,2nd_f
গাওয়াতেন,Past,pol_f
গাওয়াতেম,Past,1st
গাওয়ান,Present,pol_f
গাওয়ানো,Present,obj_f
গাওয়াব,Future,1st
গাওয়াবার,Present,404_f
গাওয়াবি,Future,1st
গাওয়াবে,Future,2nd_f
গাওয়াবেন,Future,pol_f
গাওয়াবো,Future,1st
গাওয়ায়,Present,3rd_f
গাওয়ার,Present,404_f
গাওয়াল,Past,3rd_f
গাওয়ালাম,Past,1st
গাওয়ালি,Past,1st
গাওয়ালুম,Past,1st
গাওয়ালে,Past,2nd_f
গাওয়ালেন,Past,pol_f
গাওয়ালেম,Past,1st
গাওয়াস,Present,2nd_i
গাক,Present,3rd_f
গাচ্ছিল,Past,3rd_f
গাচ্ছিলাম,Past,1st
গাচ্ছিলি,Past,1st
গাচ্ছিলুম,Past,1st
গাচ্ছিলে,Past,2nd_f
গাচ্ছিলেন,Past,pol_f
গাচ্ছিলেম,Past,1st
চল,Root,2nd_i
চলা,Base,pos_f
চলান,Present,pol_f
চলানো,Present,obj_f
চলার,Present,404_f
চলি,Past,1st
চলিও,Present,2nd_f
চলিত,Past,3rd_f
চলিতাম,Past,1st
চলিতিস,Past,2nd_i
চলিতে,Past,2nd_f
চলিতেছ,Present,2nd_f
চলিতেছি,Present,1st
চলিতেছিল,Past,3rd_f
চলিতেছিলাম,Past,1st
চলিতেছিলি,Past,1st
চলিতেছিলে,Past,2nd_f
চলিতেছিলেন,Past,pol_f
চলিতেছিস,Present,2nd_i
চলিতেছে,Present,2nd_f
চলিতেছেন,Present,pol_f
চলিতেন,Past,pol_f
চলিব,Future,1st
চলিবার,Present,404_f
চলিবি,Future,1st
চলিবে,Future,2nd_f
চলিবেন,Future,pol_f
চলিয়া,Participle,404_f
চলিয়াছ,Present,2nd_f
চলিয়াছি,Present,1st
চলিয়াছিল,Past,3rd_f
চলিয়াছিলাম,Past,1st
চলিয়াছিলি,Past,1st
চলিয়াছিলে,Past,2nd_f
চলিয়াছিলেন,Past,pol_f
চলিয়াছিস,Present,2nd_i
চলিয়াছে,Present,3rd_f
চলিয়াছেন,Present,pol_f
চলিয়ো,Present,2nd_f
চলিল,Past,3rd_f
চলিলাম,Past,1st
চলিলি,Past,1st
চলিলে,Past,2nd_f
চলিলেন,Past,pol_f
চলিস,Present,2nd_i
চলুক,Present,3rd_f
চলুন,Present,pol_f
চলে,Past,2nd_f
চলেছ,Present,2nd_f
চলেছি,Present,1st
চলেছিল,Past,3rd_f
চলেছিলাম,Past,1st
চলেছিলি,Past,1st
চলেছিলুম,Past,1st
চলেছিলে,Past,2nd_f
চলেছিলেন,Past,pol_f
চলেছিলেম,Past,1st
চলেছিস,Present,2nd_i
চলেছে,Present,2nd_f
চলেছেন,Present,pol_f
চলেন,Past,pol_f
চলো,Present,2nd_f
চাই,Present,1st
চাইছ,Present,2nd_f
চাইছি,Present,1st
চাইছিল,Past,3rd_f
চাইছিলাম,Past,1st
চাইছিলি,Past,1st
চাইছিলুম,Past,1st
চাইছিলে,Past,2nd_f
চাইছিলেন,Past,pol_f
চাইছিলেম,Past,1st
চাইছিস,Present,2nd_i
চাইছে,Present,3rd_f
চাইছেন,Present,pol_f
চাইত,Past,3rd_f
চাইতাম,Past,1st
চাইতিস,Past,2nd_i
চাইতুম,Past,1st
চাইতে,Past,2nd_f
চাইতেছিল,Past,3rd_f
চাইতেছিলাম,Past,1st
চাইতেছিলি,Past,1st
চাইতেছিলুম,Past,1st
চাইতেছিলে,Past,2nd_f
চাইতেছিলেন,Past,pol_f
চাইতেছিলেম,Past,1st
চাইতেন,Past,pol_f
চাইতেম,Past,1st
চাইব,Future,1st
চাইবার,Present,404_f
চাইবি,Future,1st
চাইবে,Future,2nd_f
চাইবেন,Future,pol_f
চাইবো,Future,1st
চাইল,Past,3rd_f
চাইলাম,Past,1st
চাইলি,Past,1st
চাইলুম,Past,1st
চাইলে,Past,2nd_f
চাইলেন,Past,pol_f
চাইলেম,Past,1st
চাও,Present,2nd_f
চাওয়া,Base,pos_f
চাওয়ান,Present,pol_f
চাওয়ানো,Present,obj_f
চাওয়ার,Present,404_f
ডাকা,Base,pos_f
ডাকাই,Present,1st
ডাকাইও,Present,2nd_f
ডাকাইত,Past,3rd_f
ডাকাইতাম,Past,1st
ডাকাইতিস,Past,2nd_i
ডাকাইতে,Past,2nd_f
ডাকাইতেছ,Present,2nd_f
ডাকাইতেছি,Present,1st
ডাকাইতেছিল,Past,3rd_f
ডাকাইতেছিলাম,Past,1st
ডাকাইতেছিলি,Past,1st
ডাকাইতেছিলে,Past,2nd_f
ডাকাইতেছিলেন,Past,pol_f
ডাকাইতেছিস,Present,2nd_i
ডাকাইতেছে,Present,2nd_f
ডাকাইতেছেন,Present,pol_f
ডাকাইতেন,Past,pol_f
ডাকাইব,Future,1st
ডাকাইবার,Present,404_f
ডাকাইবি,Future,1st
ডাকাইবে,Future,2nd_f
ডাকাইবেন,Future,pol_f
ডাকাইয়া,Participle,404_f
ডাকাইয়াছ,Present,2nd_f
ডাকাইয়াছি,Present,1st
ডাকাইয়াছিল,Past,3rd_f
ডাকাইয়াছিলাম,Past,1st
ডাকাইয়াছিলি,Past,1st
ডাকাইয়াছিলে,Past,2nd_f
ডাকাইয়াছিলেন,Past,pol_f
ডাকাইয়াছিস,Present,2nd_i
ডাকাইয়াছে,Present,3rd_f
ডাকাইয়াছেন,Present,pol_f
ডাকাইয়ো,Present,2nd_f
ডাকাইল,Past,3rd_f
ডাকাইলাম,Past,1st
ডাকাইলি,Past,1st
ডাকাইলে,Past,2nd_f
ডাকাইলেন,Past,pol_f
ডাকাও,Present,2nd_f
ডাকাক,Present,3rd_f
ডাকাচ্ছ,Present,2nd_f
ডাকাচ্ছি,Present,1st
ডাকাচ্ছিল,Past,3rd_f
ডাকাচ্ছিলাম,Past,1st
ডাকাচ্ছিলি,Past,1st
ডাকাচ্ছিলুম,Past,1st
ডাকাচ্ছিলে,Past,2nd_f
ডাকাচ্ছিলেন,Past,pol_f
ডাকাচ্ছিলেম,Past,1st
ডাকাচ্ছিস,Present,2nd_i
ডাকাচ্ছে,Present,3rd_f
ডাকাচ্ছেন,Present,pol_f
ডাকাত,Past,3rd_f
ডাকাতাম,Past,1st
ডাকাতিস,Past,2nd_i
ডাকাতুম,Past,1st
ডাকাতে,Past,2nd_f
ডাকাতেন,Past,pol_f
ডাকাতেম,Past,1st
ডাকান,Present,pol_f
ডাকানো,Present,obj_f
ডাকাব,Future,1st
ডাকাবার,Present,404_f
ডাকাবি,Future,1st
ডাকাবে,Future,2nd_f
ডাকাবেন,Future,pol_f
ডাকাবো,Future,1st
ডাকায়,Present,3rd_f
ডাকার,Present,404_f
ডাকাল,Past,3rd_f
ডাকালাম,Past,1st
ডাকালি,Past,1st
ডাকালুম,Past,1st
ডাকালে,Past,2nd_f
ডাকালেন,Past,pol_f
ডাকালেম,Past,1st
ডাকাস,Present,2nd_i
ডাকি,Present,1st
ডাকিও,Present,2nd_f
ডাকিত,Past,3rd_f
ডাকিতাম,Past,1st
ডাকিতিস,Past,2nd_i
ডাকিতে,Past,2nd_f
ডাকিতেছ,Present,2nd_f
ডাকিতেছি,Present,1st
ডাকিতেছিল,Past,3rd_f
ডাকিতেছিলাম,Past,1st
ডাকিতেছিলি,Past,1st
ডাকিতেছিলে,Past,2nd_f
ডাকিতেছিলেন,Past,pol_f
ডাকিতেছিস,Present,2nd_i
ডাকিতেছে,Present,2nd_f
ডাকিতেছেন,Present,pol_f
ডাকিতেন,Past,pol_f
ডাকিব,Future,1st
ডাকিবার,Present,404_f
ডাকিবি,Future,1st
ডাকিবে,Future,2nd_f
ডাকিবেন,Future,pol_f
ডাকিয়া,Participle,404_f
ডাকিয়াছ,Present,2nd_f
ডাকিয়াছি,Present,1st
ডাকিয়াছিল,Past,3rd_f
ডাকিয়াছিলাম,Past,1st
ডাকিয়াছিলি,Past,1st
ডাকিয়াছিলে,Past,2nd_f
ডাকিয়াছিলেন,Past,pol_f
ডাকিয়াছিস,Present,2nd_i
ডাকিয়াছে,Present,3rd_f
ডাকিয়াছেন,Present,pol_f
ডাকিয়ে,Participle,404_f
ডাকিয়েছ,Present,2nd_f
ডাকিয়েছি,Present,1st
ডাকিয়েছিল,Past,3rd_f
ডাকিয়েছিলাম,Past,1st
ডাকিয়েছিলি,Past,1st
ডাকিয়েছিলুম,Past,1st
ডাকিয়েছিলে,Past,2nd_f
ডাকিয়েছিলেন,Past,pol_f
ডাকিয়েছিলেম,Past,1st
ডাকিয়েছিস,Present,2nd_i
ডাকিয়েছে,Present,2nd_f
ডাকিয়েছেন,Present,pol_f
ডাকিয়ো,Present,2nd_f
ডাকিল,Past,3rd_f
ডাকিলাম,Past,1st
ডাকিলি,Past,1st
ডাকিলে,Past,2nd_f
ডাকিলেন,Past,pol_f
ডাকিস,Present,2nd_i
ডাকুক,Present,3rd_f
ডাকুন,Present,pol_f
ডাকে,Present,3rd_f
ডাকেন,Present,pol_f
ডাকছ,Present,2nd_f
ডাকছি,Present,1st
ডাকছিল,Past,3rd_f
ডাকছিলাম,Past,1st
ডাকছিলি,Past,1st
ডাকছিলুম,Past,1st
ডাকছিলে,Past,2nd_f
ডাকছিলেন,Past,pol_f
ডাকছিলেম,Past,1st
ডাকছিস,Present,2nd_i
ডাকছে,Present,3rd_f
ডাকছেন,Present,pol_f
ডাকত,Past,3rd_f
ডাকতাম,Past,1st
ডাকতিস,Past,2nd_i
ডাকতুম,Past,1st
ডাকতে,Past,2nd_f
ডাকতেন,Past,pol_f
ডাকতেম,Past,1st
ডাকব,Future,1st
ডাকবার,Present,404_f
ডাকবি,Future,1st
ডাকবে,Future,2nd_f
ডাকবেন,Future,pol_f
ডাকবো,Future,1st
ডাকল,Past,3rd_f
ডাকলাম,Past,1st
ডাকলি,Past,1st
ডাকলুম,Past,1st
ডাকলে,Past,2nd_f
ডাকলেন,Past,pol_f
ডাকলেম,Past,1st
ঢোক,Root,2nd_i
ঢোকা,Base,pos_f
ঢোকাই,Present,1st
ঢোকাও,Present,2nd_f
ঢোকাক,Present,3rd_f
ঢোকাচ্ছ,Present,2nd_f
ঢোকাচ্ছি,Present,1st
ঢোকাচ্ছিল,Past,3rd_f
ঢোকাচ্ছিলাম,Past,1st
ঢোকাচ্ছিলি,Past,1st
ঢোকাচ্ছিলুম,Past,1st
ঢোকাচ্ছিলে,Past,2nd_f
ঢোকাচ্ছিলেন,Past,pol_f
ঢোকাচ্ছিলেম,Past,1st
ঢোকাচ্ছিস,Present,2nd_i
ঢোকাচ্ছে,Present,3rd_f
ঢোকাচ্ছেন,Present,pol_f
ঢোকাত,Past,3rd_f
ঢোকাতাম,Past,1st
ঢোকাতিস,Past,2nd_i
ঢোকাতুম,Past,1st
ঢোকাতে,Past,2nd_f
ঢোকাতেন,Past,pol_f
ঢোকাতেম,Past,1st
ঢোকান,Present,pol_f
ঢোকানো,Present,obj_f
ঢোকাব,Future,1st
ঢোকাবার,Present,404_f
ঢোকাবি,Future,1st
ঢোকাবে,Future,2nd_f
ঢোকাবেন,Future,pol_f
ঢোকাবো,Future,1st
ঢোকায়,Present,3rd_f
ঢোকার,Present,404_f
ঢোকাল,Past,3rd_f
ঢোকালাম,Past,1st
ঢোকালি,Past,1st
ঢোকালুম,Past,1st
ঢোকালে,Past,2nd_f
ঢোকালেন,Past,pol_f
ঢোকালেম,Past,1st
ঢোকাস,Present,2nd_i
ঢোকে,Present,3rd_f
ঢোকেন,Present,pol_f
ঢোকবার,Present,404_f
থাকা,Base,pos_f
থাকানো,Present,obj_f
থাকার,Present,404_f
থাকি,Present,1st
থাকিও,Present,2nd_f
থাকিত,Past,3rd_f
থাকিতাম,Past,1st
থাকিতিস,Past,2nd_i
থাকিতে,Past,2nd_f
থাকিতেছ,Present,2nd_f
থাকিতেছি,Present,1st
থাকিতেছিল,Past,3rd_f
থাকিতেছিলাম,Past,1st
থাকিতেছিলি,Past,1st
থাকিতেছিলে,Past,2nd_f
থাকিতেছিলেন,Past,pol_f
থাকিতেছিস,Present,2nd_i
থাকিতেছে,Present,2nd_f
থাকিতেছেন,Present,pol_f
থাকিতেন,Past,pol_f
থাকিব,Future,1st
থাকিবার,Present,404_f
থাকিবি,Future,1st
থাকিবে,Future,2nd_f
থাকিবেন,Future,pol_f
থাকিয়া,Participle,404_f
থাকিয়াছ,Present,2nd_f
থাকিয়াছি,Present,1st
থাকিয়াছিল,Past,3rd_f
থাকিয়াছিলাম,Past,1st
থাকিয়াছিলি,Past,1st
থাকিয়াছিলে,Past,2nd_f
থাকিয়াছিলেন,Past,pol_f
থাকিয়াছিস,Present,2nd_i
থাকিয়াছে,Present,3rd_f
থাকিয়াছেন,Present,pol_f
থাকিয়ো,Present,2nd_f
থাকিল,Past,3rd_f
থাকিলাম,Past,1st
থাকিলি,Past,1st
থাকিলে,Past,2nd_f
থাকিলেন,Past,pol_f
থাকিস,Present,2nd_i
থাকুক,Present,3rd_f
থাকুন,Present,pol_f
থাকে,Present,3rd_f
থাকেন,Present,pol_f
থাকছ,Present,2nd_f
থাকছি,Present,1st
থাকছিল,Past,3rd_f
থাকছিলাম,Past,1st
থাকছিলি,Past,1st
থাকছিলুম,Past,1st
থাকছিলে,Past,2nd_f
থাকছিলেন,Past,pol_f
থাকছিলেম,Past,1st
থাকছিস,Present,2nd_i
থাকছে,Present,3rd_f
থাকছেন,Present,pol_f
দেখ,Root,2nd_i
দেখা,Base,pos_f
দেখাই,Present,1st
দেখাইও,Present,2nd_f
দেখাইত,Past,3rd_f
দেখাইতাম,Past,1st
দেখাইতিস,Past,2nd_i
দেখাইতে,Past,2nd_f
দেখাইতেছ,Present,2nd_f
দেখাইতেছি,Present,1st
দেখাইতেছিল,Past,3rd_f
দেখাইতেছিলাম,Past,1st
দেখাইতেছিলি,Past,1st
দেখাইতেছিলে,Past,2nd_f
দেখাইতেছিলেন,Past,pol_f
দেখাইতেছিস,Present,2nd_i
দেখাইতেছে,Present,2nd_f
দেখাইতেছেন,Present,pol_f
দেখাইতেন,Past,pol_f
দেখাইব,Future,1st
দেখাইবার,Present,404_f
দেখাইবি,Future,1st
দেখাইবে,Future,2nd_f
দেখাইবেন,Future,pol_f
দেখাইয়া,Participle,404_f
দেখাইয়াছ,Present,2nd_f
দেখাইয়াছি,Present,1st
দেখাইয়াছিল,Past,3rd_f
দেখাইয়াছিলাম,Past,1st
দেখাইয়াছিলি,Past,1st
দেখাইয়াছিলে,Past,2nd_f
দেখাইয়াছিলেন,Past,pol_f
দেখাইয়াছিস,Present,2nd_i
দেখাইয়াছে,Present,3rd_f
দেখাইয়াছেন,Present,pol_f
দেখাইয়ো,Present,2nd_f
দেখাইল,Past,3rd_f
দেখাইলাম,Past,1st
দেখাইলি,Past,1st
দেখাইলে,Past,2nd_f
দেখাইলেন,Past,pol_f
দেখাও,Present,2nd_f
দেখাক,Present,3rd_f
দেখাচ্ছ,Present,2nd_f
দেখাচ্ছি,Present,1st
দেখাচ্ছিল,Past,3rd_f
দেখাচ্ছিলাম,Past,1st
দেখাচ্ছিলি,Past,1st
দেখাচ্ছিলুম,Past,1st
দেখাচ্ছিলে,Past,2nd_f
দেখাচ্ছিলেন,Past,pol_f
দেখাচ্ছিলেম,Past,1st
দেখাচ্ছিস,Present,2nd_i
দেখাচ্ছে,Present,3rd_f
দেখাচ্ছেন,Present,pol_f
দেখাত,Past,3rd_f
দেখাতাম,Past,1st
দেখাতিস,Past,2nd_i
দেখাতুম,Past,1st
দেখাতে,Past,2nd_f
দেখাতেন,Past,pol_f
দেখাতেম,Past,1st
দেখান,Present,pol_f
দেখানো,Present,obj_f
দেখাব,Future,1st
দেখাবার,Present,404_f
দেখাবি,Future,1st
দেখাবে,Future,2nd_f
দেখাবেন,Future,pol_f
দেখাবো,Future,1st
দেখায়,Present,3rd_f
দেখার,Present,404_f
দেখাল,Past,3rd_f
দেখালাম,Past,1st
দেখালি,Past,1st
দেখালুম,Past,1st
দেখালে,Past,2nd_f
দেখালেন,Past,pol_f
দেখালেম,Past,1st
দেখাস,Present,2nd_i
দেখি,Present,1st
দেখিও,Present,2nd_f
দেখিত,Past,3rd_f
দেখিতাম,Past,1st
দেখিতিস,Past,2nd_i
দেখিতে,Past,2nd_f
দেখিতেছ,Present,2nd_f
দেখিতেছি,Present,1st
দেখিতেছিল,Past,3rd_f
দেখিতেছিলাম,Past,1st
দেখিতেছিলি,Past,1st
দেখিতেছিলে,Past,2nd_f
দেখিতেছিলেন,Past,pol_f
দেখিতেছিস,Present,2nd_i
দেখিতেছে,Present,2nd_f
দেখিতেছেন,Present,pol_f
দেখিতেন,Past,pol_f
দেখিব,Future,1st
দেখিবার,Present,404_f
দেখিবি,Future,1st
দেখিবে,Future,2nd_f
দেখিবেন,Future,pol_f
দেখিয়া,Participle,404_f
দেখিয়াছ,Present,2nd_f
দেখিয়াছি,Present,1st
দেখিয়াছিল,Past,3rd_f
দেখিয়াছিলাম,Past,1st
দেখিয়াছিলি,Past,1st
দেখিয়াছিলে,Past,2nd_f
দেখিয়াছিলেন,Past,pol_f
দেখিয়াছিস,Present,2nd_i
দেখিয়াছে,Present,3rd_f
দেখিয়াছেন,Present,pol_f
দেখিয়ে,Participle,404_f
দেখিয়েছ,Present,2nd_f
দেখিয়েছি,Present,1st
দেখিয়েছিল,Past,3rd_f
দেখিয়েছিলাম,Past,1st
দেখিয়েছিলি,Past,1st
দেখিয়েছিলুম,Past,1st
দেখিয়েছিলে,Past,2nd_f
দেখিয়েছিলেন,Past,pol_f
দেখিয়েছিলেম,Past,1st
দেখিয়েছিস,Present,2nd_i
দেখিয়েছে,Present,2nd_f
দেখিয়েছেন,Present,pol_f
দেখিয়ো,Present,2nd_f
দেখিল,Past,3rd_f
দেখিলাম,Past,1st
দেখিলি,Past,1st
দেখিলে,Past,2nd_f
দেখিলেন,Past,pol_f
দেখিস,Present,2nd_i
দেখুক,Present,3rd_f
দেখুন,Present,pol_f
দেখে,Present,3rd_f
দেখেছ,Present,2nd_f
দেখেছি,Present,1st
দেখেছিল,Past,3rd_f
দেখেছিলাম,Past,1st
দেখেছিলি,Past,1st
দেখেছিলুম,Past,1st
দেখেছিলে,Past,2nd_f
দেখেছিলেন,Past,pol_f
দেখেছিলেম,Past,1st
দেখেছিস,Present,2nd_i
দেখেছে,Present,2nd_f
দেখেছেন,Present,pol_f
দেখেন,Present,pol_f
দেখো,Present,2nd_f
দেখছ,Present,2nd_f
দেখছি,Present,1st
দেখছিল,Past,3rd_f
দেখছিলাম,Past,1st
দেখছিলি,Past,1st
দেখছিলুম,Past,1st
দেখছিলে,Past,2nd_f
দেখছিলেন,Past,pol_f
দেখছিলেম,Past,1st
দেখছিস,Present,2nd_i
দেখছে,Present,3rd_f
দেখছেন,Present,pol_f
দেখত,Past,3rd_f
দেখতাম,Past,1st
দেখতিস,Past,2nd_i
দেখতুম,Past,1st
দেখতে,Past,2nd_f
দেখতেন,Past,pol_f
দেখতেম,Past,1st
দেখব,Future,1st
দেখবার,Present,404_f
দেখবি,Future,1st
দেখবে,Future,2nd_f
দেখবেন,Future,pol_f
দেখবো,Future,1st
দেখল,Past,3rd_f
দেখলাম,Past,1st
দেখলি,Past,1st
দেখলুম,Past,1st
দেখলে,Past,2nd_f
দেখলেন,Past,pol_f
দেখলেম,Past,1st
নাচ,Root,2nd_i
নাচা,Base,pos_f
নাচাই,Present,1st
নাচাইও,Present,2nd_f
নাচাইত,Past,3rd_f
নাচাইতাম,Past,1st
নাচাইতিস,Past,2nd_i
নাচাইতে,Past,2nd_f
নাচাইতেছ,Present,2nd_f
নাচাইতেছি,Present,1st
নাচাইতেছিল,Past,3rd_f
নাচাইতেছিলাম,Past,1st
নাচাইতেছিলি,Past,1st
নাচাইতেছিলে,Past,2nd_f
নাচাইতেছিলেন,Past,pol_f
নাচাইতেছিস,Present,2nd_i
নাচাইতেছে,Present,2nd_f
নাচাইতেছেন,Present,pol_f
নাচাইতেন,Past,pol_f
নাচাইব,Future,1st
নাচাইবার,Present,404_f
নাচাইবি,Future,1st
নাচাইবে,Future,2nd_f
নাচাইবেন,Future,pol_f
নাচাইয়া,Participle,404_f
নাচাইয়াছ,Present,2nd_f
নাচাইয়াছি,Present,1st
নাচাইয়াছিল,Past,3rd_f
নাচাইয়াছিলাম,Past,1st
নাচাইয়াছিলি,Past,1st
নাচাইয়াছিলে,Past,2nd_f
নাচাইয়াছিলেন,Past,pol_f
নাচাইয়াছিস,Present,2nd_i
নাচাইয়াছে,Present,3rd_f
নাচাইয়াছেন,Present,pol_f
নাচাইয়ো,Present,2nd_f
নাচাইল,Past,3rd_f
নাচাইলাম,Past,1st
নাচাইলি,Past,1st
নাচাইলে,Past,2nd_f
নাচাইলেন,Past,pol_f
নাচাও,Present,2nd_f
নাচাক,Present,3rd_f
নাচাচ্ছ,Present,2nd_f
নাচাচ্ছি,Present,1st
নাচাচ্ছিল,Past,3rd_f
নাচাচ্ছিলাম,Past,1st
নাচাচ্ছিলি,Past,1st
নাচাচ্ছিলুম,Past,1st
নাচাচ্ছিলে,Past,2nd_f
নাচাচ্ছিলেন,Past,pol_f
নাচাচ্ছিলেম,Past,1st
নাচাচ্ছিস,Present,2nd_i
নাচাচ্ছে,Present,3rd_f
নাচাচ্ছেন,Present,pol_f
নাচাত,Past,3rd_f
নাচাতাম,Past,1st
নাচাতিস,Past,2nd_i
নাচাতুম,Past,1st
নাচাতে,Past,2nd_f
নাচাতেন,Past,pol_f
নাচাতেম,Past,1st
নাচান,Present,pol_f
নাচানো,Present,obj_f
নাচাব,Future,1st
নাচাবার,Present,404_f
নাচাবি,Future,1st
নাচাবে,Future,2nd_f
নাচাবেন,Future,pol_f
নাচাবো,Future,1st
নাচায়,Present,3rd_f
নাচার,Present,404_f
নাচাল,Past,3rd_f
নাচালাম,Past,1st
নাচালি,Past,1st
নাচালুম,Past,1st
নাচালে,Past,2nd_f
নাচালেন,Past,pol_f
নাচালেম,Past,1st
নাচাস,Present,2nd_i
নাচি,Present,1st
নাচিও,Present,2nd_f
নাচিত,Past,3rd_f
নাচিতাম,Past,1st
নাচিতিস,Past,2nd_i
নাচিতে,Past,2nd_f
নাচিতেছ,Present,2nd_f
নাচিতেছি,Present,1st
নাচিতেছিল,Past,3rd_f
নাচিতেছিলাম,Past,1st
নাচিতেছিলি,Past,1st
নাচিতেছিলে,Past,2nd_f
নাচিতেছিলেন,Past,pol_f
নাচিতেছিস,Present,2nd_i
নাচিতেছে,Present,2nd_f
নাচিতেছেন,Present,pol_f
নাচিতেন,Past,pol_f
নাচিব,Future,1st
নাচিবার,Present,404_f
নাচিবি,Future,1st
নাচিবে,Future,2nd_f
নাচিবেন,Future,pol_f
নাচিয়া,Participle,404_f
নাচিয়াছ,Present,2nd_f
নাচিয়াছি,Present,1st
নাচিয়াছিল,Past,3rd_f
নাচিয়াছিলাম,Past,1st
নাচিয়াছিলি,Past,1st
নাচিয়াছিলে,Past,2nd_f
নাচিয়াছিলেন,Past,pol_f
নাচিয়াছিস,Present,2nd_i
নাচিয়াছে,Present,3rd_f
নাচিয়াছেন,Present,pol_f
নাচিয়ে,Participle,404_f
নাচিয়েছ,Present,2nd_f
নাচিয়েছি,Present,1st
নাচিয়েছিল,Past,3rd_f
নাচিয়েছিলাম,Past,1st
নাচিয়েছিলি,Past,1st
নাচিয়েছিলুম,Past,1st
নাচিয়েছিলে,Past,2nd_f
নাচিয়েছিলেন,Past,pol_f
নাচিয়েছিলেম,Past,1st
নাচিয়েছিস,Present,2nd_i
নাচিয়েছে,Present,2nd_f
নাচিয়েছেন,Present,pol_f
নাচিয়ো,Present,2nd_f
নাচিল,Past,3rd_f
নাচিলাম,Past,1st
নাচিলি,Past,1st
নাচিলে,Past,2nd_f
নাচিলেন,Past,pol_f
নাচিস,Present,2nd_i
নাচুক,Present,3rd_f
নাচুন,Present,pol_f
নাচে,Present,3rd_f
নাচেন,Present,pol_f
নাচছ,Present,2nd_f
নাচছি,Present,1st
নাচছিল,Past,3rd_f
নাচছিলাম,Past,1st
নাচছিলি,Past,1st
নাচছিলুম,Past,1st
নাচছিলে,Past,2nd_f
নাচছিলেন,Past,pol_f
নাচছিলেম,Past,1st
নাচছিস,Present,2nd_i
নাচছে,Present,3rd_f
নাচছেন,Present,pol_f
নাচত,Past,3rd_f
নাচতাম,Past,1st
নাচতিস,Past,2nd_i
নাচতুম,Past,1st
নাচতে,Past,2nd_f
নাচতেন,Past,pol_f
নাচতেম,Past,1st
নাচব,Future,1st
নাচবার,Present,404_f
নাচবি,Future,1st
নাচবে,Future,2nd_f
নাচবেন,Future,pol_f
নাচবো,Future,1st
নাচল,Past,3rd_f
নাচলাম,Past,1st
নাচলি,Past,1st
নাচলুম,Past,1st
নাচলে,Past,2nd_f
নাচলেন,Past,pol_f
নাচলেম,Past,1st
পড়ান,Present,pol_f
পড়,Root,2nd_i
পড়া,Base,pos_f
পড়াই,Present,1st
পড়াইও,Present,2nd_f
পড়াইত,Past,3rd_f
পড়াইতাম,Past,1st
পড়াইতিস,Past,2nd_i
পড়াইতে,Past,2nd_f
পড়াইতেছ,Present,2nd_f
পড়াইতেছি,Present,1st
পড়াইতেছিল,Past,3rd_f
পড়াইতেছিলাম,Past,1st
পড়াইতেছিলি,Past,1st
পড়াইতেছিলে,Past,2nd_f
পড়াইতেছিলেন,Past,pol_f
পড়াইতেছিস,Present,2nd_i
পড়াইতেছে,Present,2nd_f
পড়াইতেছেন,Present,pol_f
পড়াইতেন,Past,pol_f
পড়াইব,Future,1st
পড়াইবার,Present,404_f
পড়াইবি,Future,1st
পড়াইবে,Future,2nd_f
পড়াইবেন,Future,pol_f
পড়াইয়া,Participle,404_f
পড়াইয়াছ,Present,2nd_f
পড়াইয়াছি,Present,1st
পড়াইয়াছিল,Past,3rd_f
পড়াইয়াছিলাম,Past,1st
পড়াইয়াছিলি,Past,1st
পড়াইয়াছিলে,Past,2nd_f
পড়াইয়াছিলেন,Past,pol_f
পড়াইয়াছিস,Present,2nd_i
পড়াইয়াছে,Present,3rd_f
পড়াইয়াছেন,Present,pol_f
পড়াইয়ো,Present,2nd_f
পড়াইল,Past,3rd_f
পড়াইলাম,Past,1st
পড়াইলি,Past,1st
পড়াইলে,Past,2nd_f
পড়াইলেন,Past,pol_f
পড়াও,Present,2nd_f
পড়াক,Present,3rd_f
পড়াচ্ছ,Present,2nd_f
পড়াচ্ছি,Present,1st
পড়াচ্ছিল,Past,3rd_f
পড়াচ্ছিলাম,Past,1st
পড়াচ্ছিলি,Past,1st
পড়াচ্ছিলুম,Past,1st
পড়াচ্ছিলে,Past,2nd_f
পড়াচ্ছিলেন,Past,pol_f
পড়াচ্ছিলেম,Past,1st
পড়াচ্ছিস,Present,2nd_i
পড়াচ্ছে,Present,3rd_f
পড়াচ্ছেন,Present,pol_f
পড়াত,Past,3rd_f
পড়াতাম,Past,1st
পড়াতিস,Past,2nd_i
পড়াতুম,Past,1st
পড়াতে,Past,2nd_f
পড়াতেন,Past,pol_f
পড়াতেম,Past,1st
পড়ান,Present,pol_f
পড়ানো,Present,obj_f
পড়াব,Future,1st
পড়াবার,Present,404_f
পড়াবি,Future,1st
পড়াবে,Future,2nd_f
পড়াবেন,Future,pol_f
পড়াবো,Future,1st
পড়ায়,Present,3rd_f
পড়ার,Present,404_f
পড়াল,Past,3rd_f
পড়ালাম,Past,1st
পড়ালি,Past,1st
পড়ালুম,Past,1st
পড়ালে,Past,2nd_f
পড়ালেন,Past,pol_f
পড়ালেম,Past,1st
পড়াস,Present,2nd_i
পড়ি,Present,1st
পড়িও,Present,2nd_f
পড়িত,Past,3rd_f
পড়িতাম,Past,1st
পড়িতিস,Past,2nd_i
পড়িতে,Past,2nd_f
পড়িতেছ,Present,2nd_f
পড়িতেছি,Present,1st
পড়িতেছিল,Past,3rd_f
পড়িতেছিলাম,Past,1st
পড়িতেছিলি,Past,1st
পড়িতেছিলে,Past,2nd_f
পড়িতেছিলেন,Past,pol_f
পড়িতেছিস,Present,2nd_i
পড়িতেছে,Present,2nd_f
পড়িতেছেন,Present,pol_f
পড়িতেন,Past,pol_f
পড়িব,Future,1st
পড়িবার,Present,404_f
পড়িবি,Future,1st
পড়িবে,Future,2nd_f
পড়িবেন,Future,pol_f
পড়িয়া,Participle,404_f
পড়িয়াছ,Present,2nd_f
পড়িয়াছি,Present,1st
পড়িয়াছিল,Past,3rd_f
পড়িয়াছিলাম,Past,1st
পড়িয়াছিলি,Past,1st
পড়িয়াছিলে,Past,2nd_f
পড়িয়াছিলেন,Past,pol_f
পড়িয়াছিস,Present,2nd_i
পড়িয়াছে,Present,3rd_f
পড়িয়াছেন,Present,pol_f
পড়িয়ে,Participle,404_f
পড়িয়েছ,Present,2nd_f
পড়িয়েছি,Present,1st
পড়িয়েছিল,Past,3rd_f
পড়িয়েছিলাম,Past,1st
পড়িয়েছিলি,Past,1st
পড়িয়েছিলুম,Past,1st
পড়িয়েছিলে,Past,2nd_f
পড়িয়েছিলেন,Past,pol_f
পড়িয়েছিলেম,Past,1st
পড়িয়েছিস,Present,2nd_i
পড়িয়েছে,Present,2nd_f
পড়িয়েছেন,Present,pol_f
পড়িয়ো,Present,2nd_f
পড়িল,Past,3rd_f
পড়িলাম,Past,1st
পড়িলি,Past,1st
পড়িলে,Past,2nd_f
পড়িলেন,Past,pol_f
পড়িস,Present,2nd_i
পড়ুক,Present,3rd_f
পড়ুন,Present,pol_f
পড়ে,Present,3rd_f
পড়েছ,Present,2nd_f
পড়েছি,Present,1st
পড়েছিল,Past,3rd_f
পড়েছিলাম,Past,1st
পড়েছিলি,Past,1st
পড়েছিলুম,Past,1st
পড়েছিলে,Past,2nd_f
পড়েছিলেন,Past,pol_f
পড়েছিলেম,Past,1st
পড়েছিস,Present,2nd_i
পড়েছে,Present,2nd_f
পড়েছেন,Present,pol_f
পড়েন,Present,pol_f
পড়ো,Present,2nd_f
পড়ছ,Present,2nd_f
পড়ছি,Present,1st
পড়ছিল,Past,3rd_f
পড়ছিলাম,Past,1st
পড়ছিলি,Past,1st
পড়ছিলুম,Past,1st
পড়ছিলে,Past,2nd_f
পড়ছিলেন,Past,pol_f
পড়ছিলেম,Past,1st
পড়ছিস,Present,2nd_i
পড়ছে,Present,3rd_f
পড়ছেন,Present,pol_f
পড়ত,Past,3rd_f
পড়তাম,Past,1st
পড়তিস,Past,2nd_i
পড়তুম,Past,1st
পড়তে,Past,2nd_f
পড়তেন,Past,pol_f
পড়তেম,Past,1st
পড়ব,Future,1st
পড়বার,Present,404_f
পড়বি,Future,1st
পড়বে,Future,2nd_f
পড়বেন,Future,pol_f
পড়বো,Future,1st
পড়ল,Past,3rd_f
পড়লাম,Past,1st
পড়লি,Past,1st
পড়লুম,Past,1st
পড়লে,Past,2nd_f
পড়লেন,Past,pol_f
পড়লেম,Past,1st
পাই,Present,1st
পাইও,Present,2nd_f
পাইত,Past,3rd_f
পাইতাম,Past,1st
পাইতিস,Past,2nd_i
পাইতে,Past,2nd_f
পাইতেছ,Present,2nd_f
পাইতেছি,Present,1st
পাইতেছিল,Past,3rd_f
পাইতেছিলাম,Past,1st
পাইতেছিলি,Past,1st
পাইতেছিলে,Past,2nd_f
পাইতেছিলেন,Past,pol_f
পাইতেছিস,Present,2nd_i
পাইতেছে,Present,2nd_f
পাইতেছেন,Present,pol_f
পাইতেন,Past,pol_f
পাইব,Future,1st
পাইবার,Present,404_f
পাইবি,Future,1st
পাইবে,Future,2nd_f
পাইবেন,Future,pol_f
পাইয়া,Participle,404_f
পাইয়াছ,Present,2nd_f
পাইয়াছি,Present,1st
পাইয়াছিল,Past,3rd_f
পাইয়াছিলাম,Past,1st
পাইয়াছিলি,Past,1st
পাইয়াছিলে,Past,2nd_f
পাইয়াছিলেন,Past,pol_f
পাইয়াছিস,Present,2nd_i
পাইয়াছে,Present,3rd_f
পাইয়াছেন,Present,pol_f
পাইয়ে,Participle,404_f
পাইয়েছ,Present,2nd_f
পাইয়েছি,Present,1st
পাইয়েছিল,Past,3rd_f
পাইয়েছিলাম,Past,1st
পাইয়েছিলি,Past,1st
পাইয়েছিলুম,Past,1st
পাইয়েছিলে,Past,2nd_f
পাইয়েছিলেন,Past,pol_f
পাইয়েছিলেম,Past,1st
পাইয়েছিস,Present,2nd_i
পাইয়েছে,Present,2nd_f
পাইয়েছেন,Present,pol_f
পাইয়ো,Present,2nd_f
পাইল,Past,3rd_f
পাইলাম,Past,1st
পাইলি,Past,1st
পাইলে,Past,2nd_f
পাইলেন,Past,pol_f
পাও,Present,2nd_f
পাওয়া,Base,pos_f
পাওয়াই,Present,1st
পাওয়াইও,Present,2nd_f
পাওয়াইত,Past,3rd_f
পাওয়াইতাম,Past,1st
পাওয়াইতিস,Past,2nd_i
পাওয়াইতে,Past,2nd_f
পাওয়াইতেছ,Present,2nd_f
পাওয়াইতেছি,Present,1st
পাওয়াইতেছিল,Past,3rd_f
পাওয়াইতেছিলাম,Past,1st
পাওয়াইতেছিলি,Past,1st
পাওয়াইতেছিলে,Past,2nd_f
পাওয়াইতেছিলেন,Past,pol_f
পাওয়াইতেছিস,Present,2nd_i
পাওয়াইতেছে,Present,2nd_f
পাওয়াইতেছেন,Present,pol_f
পাওয়াইতেন,Past,pol_f
পাওয়াইব,Future,1st
পাওয়াইবার,Present,404_f
পাওয়াইবি,Future,1st
পাওয়াইবে,Future,2nd_f
পাওয়াইবেন,Future,pol_f
পাওয়াইয়া,Participle,404_f
পাওয়াইয়াছ,Present,2nd_f
পাওয়াইয়াছি,Present,1st
পাওয়াইয়াছিল,Past,3rd_f
পাওয়াইয়াছিলাম,Past,1st
পাওয়াইয়াছিলি,Past,1st
পাওয়াইয়াছিলে,Past,2nd_f
পাওয়াইয়াছিলেন,Past,pol_f
পাওয়াইয়াছিস,Present,2nd_i
পাওয়াইয়াছে,Present,3rd_f
পাওয়াইয়াছেন,Present,pol_f
পাওয়াইয়ো,Present,2nd_f
পাওয়াইল,Past,3rd_f
পাওয়াইলাম,Past,1st
পাওয়াইলি,Past,1st
পাওয়াইলে,Past,2nd_f
পাওয়াইলেন,Past,pol_f
পাওয়াও,Present,2nd_f
পাওয়াক,Present,3rd_f
পাওয়াচ্ছ,Present,2nd_f
পাওয়াচ্ছি,Present,1st
পাওয়াচ্ছিল,Past,3rd_f
পাওয়াচ্ছিলাম,Past,1st
পাওয়াচ্ছিলি,Past,1st
পাওয়াচ্ছিলুম,Past,1st
পাওয়াচ্ছিলে,Past,2nd_f
পাওয়াচ্ছিলেন,Past,pol_f
পাওয়াচ্ছিলেম,Past,1st
পাওয়াচ্ছিস,Present,2nd_i
পাওয়াচ্ছে,Present,3rd_f
পাওয়াচ্ছেন,Present,pol_f
পাওয়াত,Past,3rd_f
পাওয়াতাম,Past,1st
পাওয়াতিস,Past,2nd_i
পাওয়াতুম,Past,1st
পাওয়াতে,Past,2nd_f
পাওয়াতেন,Past,pol_f
পাওয়াতেম,Past,1st
পাওয়ান,Present,pol_f
পাওয়ানো,Present,obj_f
পাওয়াব,Future,1st
পাওয়াবার,Present,404_f
পাওয়াবি,Future,1st
পাওয়াবে,Future,2nd_f
পাওয়াবেন,Future,pol_f
পাওয়াবো,Future,1st
পাওয়ায়,Present,3rd_f
পাওয়াল,Past,3rd_f
পাওয়ালাম,Past,1st
পাওয়ালি,Past,1st
পাওয়ালুম,Past,1st
পাওয়ালে,Past,2nd_f
পাওয়ালেন,Past,pol_f
পাওয়ালেম,Past,1st
পাওয়াস,Present,2nd_i
ফির,Root,2nd_i
ফিরা,Base,pos_f
ফিরাই,Present,1st
ফিরাইও,Present,2nd_f
ফিরাইত,Past,3rd_f
ফিরাইতাম,Past,1st
ফিরাইতিস,Past,2nd_i
ফিরাইতে,Past,2nd_f
ফিরাইতেছ,Present,2nd_f
ফিরাইতেছি,Present,1st
ফিরাইতেছিল,Past,3rd_f
ফিরাইতেছিলাম,Past,1st
ফিরাইতেছিলি,Past,1st
ফিরাইতেছিলে,Past,2nd_f
ফিরাইতেছিলেন,Past,pol_f
ফিরাইতেছিস,Present,2nd_i
ফিরাইতেছে,Present,2nd_f
ফিরাইতেছেন,Present,pol_f
ফিরাইতেন,Past,pol_f
ফিরাইব,Future,1st
ফিরাইবার,Present,404_f
ফিরাইবি,Future,1st
ফিরাইবে,Future,2nd_f
ফিরাইবেন,Future,pol_f
ফিরাইয়া,Participle,404_f
ফিরাইয়াছ,Present,2nd_f
ফিরাইয়াছি,Present,1st
ফিরাইয়াছিল,Past,3rd_f
ফিরাইয়াছিলাম,Past,1st
ফিরাইয়াছিলি,Past,1st
ফিরাইয়াছিলে,Past,2nd_f
ফিরাইয়াছিলেন,Past,pol_f
ফিরাইয়াছিস,Present,2nd_i
ফিরাইয়াছে,Present,3rd_f
ফিরাইয়াছেন,Present,pol_f
ফিরাইয়ো,Present,2nd_f
ফিরাইল,Past,3rd_f
ফিরাইলাম,Past,1st
ফিরাইলি,Past,1st
ফিরাইলে,Past,2nd_f
ফিরাইলেন,Past,pol_f
ফিরাও,Present,2nd_f
ফিরাক,Present,3rd_f
ফিরান,Present,pol_f
ফিরানো,Present,obj_f
ফিরায়,Present,3rd_f
ফিরাস,Present,2nd_i
ফিরই,Present,1st
ফিরি,Present,1st
ফিরিও,Present,2nd_f
ফিরিত,Past,3rd_f
ফিরিতাম,Past,1st
ফিরিতিস,Past,2nd_i
ফিরিতে,Past,2nd_f
ফিরিতেছ,Present,2nd_f
ফিরিতেছি,Present,1st
ফিরিতেছিল,Past,3rd_f
ফিরিতেছিলাম,Past,1st
ফিরিতেছিলি,Past,1st
ফিরিতেছিলে,Past,2nd_f
ফিরিতেছিলেন,Past,pol_f
ফিরিতেছিস,Present,2nd_i
ফিরিতেছে,Present,2nd_f
ফিরিতেছেন,Present,pol_f
ফিরিতেন,Past,pol_f
ফিরিব,Future,1st
ফিরিবার,Present,404_f
ফিরিবি,Future,1st
ফিরিবে,Future,2nd_f
ফিরিবেন,Future,pol_f
ফিরিয়া,Participle,404_f
ফিরিয়াছ,Present,2nd_f
ফিরিয়াছি,Present,1st
ফিরিয়াছিল,Past,3rd_f
ফিরিয়াছিলাম,Past,1st
ফিরিয়াছিলি,Past,1st
ফিরিয়াছিলে,Past,2nd_f
ফিরিয়াছিলেন,Past,pol_f
ফিরিয়াছিস,Present,2nd_i
ফিরিয়াছে,Present,3rd_f
ফিরিয়াছেন,Present,pol_f
ফিরিয়ে,Participle,404_f
ফিরিয়েছ,Present,2nd_f
ফিরিয়েছি,Present,1st
ফিরিয়েছিল,Past,3rd_f
ফিরিয়েছিলাম,Past,1st
ফিরিয়েছিলি,Past,1st
ফিরিয়েছিলুম,Past,1st
ফিরিয়েছিলে,Past,2nd_f
ফিরিয়েছিলেন,Past,pol_f
ফিরিয়েছিলেম,Past,1st
ফিরিয়েছিস,Present,2nd_i
ফিরিয়েছে,Present,2nd_f
ফিরিয়েছেন,Present,pol_f
ফিরিয়ো,Present,2nd_f
ফিরিল,Past,3rd_f
ফিরিলাম,Past,1st
ফিরিলি,Past,1st
ফিরিলে,Past,2nd_f
ফিরিলেন,Past,pol_f
ফিরিস,Present,2nd_i
ফিরুক,Present,3rd_f
ফিরুন,Present,pol_f
ফিরে,Present,3rd_f
ফিরেআসা,Present,2nd_i
ফিরেছ,Present,2nd_f
ফিরেছি,Present,1st
ফিরেছিল,Past,3rd_f
ফিরেছিলাম,Past,1st
ফিরেছিলি,Past,1st
ফিরেছিলুম,Past,1st
ফিরেছিলে,Past,2nd_f
ফিরেছিলেন,Past,pol_f
ফিরেছিলেম,Past,1st
ফিরেছিস,Present,2nd_i
ফিরেছে,Present,2nd_f
ফিরেছেন,Present,pol_f
ফিরেন,Present,pol_f
ফিরও,Present,2nd_f
ফিরো,Present,2nd_f
ফিরচ্ছ,Present,2nd_f
ফিরচ্ছি,Present,1st
ফিরচ্ছিল,Past,3rd_f
ফিরচ্ছিলাম,Past,1st
ফিরচ্ছিলি,Past,1st
ফিরচ্ছিলুম,Past,1st
ফিরচ্ছিলে,Past,2nd_f
ফিরচ্ছিলেন,Past,pol_f
ফিরচ্ছিলেম,Past,1st
ফিরচ্ছিস,Present,2nd_i
ফিরচ্ছে,Present,3rd_f
ফিরচ্ছেন,Present,pol_f
ফিরছ,Present,2nd_f
ফিরছি,Present,1st
ফিরছিল,Past,3rd_f
ফিরছিলাম,Past,1st
ফিরছিলি,Past,1st
ফিরছিলুম,Past,1st
ফিরছিলে,Past,2nd_f
ফিরছিলেন,Past,pol_f
ফিরছিলেম,Past,1st
ফিরছিস,Present,2nd_i
ফিরছে,Present,3rd_f
ফিরছেন,Present,pol_f
ফিরতাম,Past,1st
ফিরতিস,Past,2nd_i
ফিরতুম,Past,1st
ফিরতে,Past,2nd_f
ফিরতেন,Past,pol_f
ফিরতেম,Past,1st
ফিরনো,Present,obj_f
ফিরব,Future,1st
ফিরবার,Present,404_f
ফিরবি,Future,1st
ফিরবে,Future,2nd_f
ফিরবেন,Future,pol_f
ফিরবো,Future,1st
ফিরয়,Present,3rd_f
ফিরল,Past,3rd_f
ফিরলাম,Past,1st
ফিরলি,Past,1st
ফিরলুম,Past,1st
ফিরলে,Past,2nd_f
ফিরলেন,Past,pol_f
ফিরলেম,Past,1st
বলা,Base,pos_f
বলাই,Present,1st
বলাইও,Present,2nd_f
বলাইত,Past,3rd_f
বলাইতাম,Past,1st
বলাইতিস,Past,2nd_i
বলাইতে,Past,2nd_f
বলাইতেছ,Present,2nd_f
বলাইতেছি,Present,1st
বলাইতেছিল,Past,3rd_f
বলাইতেছিলাম,Past,1st
বলাইতেছিলি,Past,1st
বলাইতেছিলে,Past,2nd_f
বলাইতেছিলেন,Past,pol_f
বলাইতেছিস,Present,2nd_i
বলাইতেছে,Present,2nd_f
বলাইতেছেন,Present,pol_f
বলাইতেন,Past,pol_f
বলাইব,Future,1st
বলাইবার,Present,404_f
বলাইবি,Future,1st
বলাইবে,Future,2nd_f
বলাইবেন,Future,pol_f
বলাইয়া,Participle,404_f
বলাইয়াছ,Present,2nd_f
বলাইয়াছি,Present,1st
বলাইয়াছিল,Past,3rd_f
বলাইয়াছিলাম,Past,1st
বলাইয়াছিলি,Past,1st
বলাইয়াছিলে,Past,2nd_f
বলাইয়াছিলেন,Past,pol_f
বলাইয়াছিস,Present,2nd_i
বলাইয়াছে,Present,3rd_f
বলাইয়াছেন,Present,pol_f
বলাইয়ো,Present,2nd_f
বলাইল,Past,3rd_f
বলাইলাম,Past,1st
বলাইলি,Past,1st
বলাইলে,Past,2nd_f
বলাইলেন,Past,pol_f
বলাও,Present,2nd_f
বলাক,Present,3rd_f
বলাচ্ছ,Present,2nd_f
বলাচ্ছি,Present,1st
বলাচ্ছিল,Past,3rd_f
বলাচ্ছিলাম,Past,1st
বলাচ্ছিলি,Past,1st
বলাচ্ছিলুম,Past,1st
বলাচ্ছিলে,Past,2nd_f
বলাচ্ছিলেন,Past,pol_f
বলাচ্ছিলেম,Past,1st
বলাচ্ছিস,Present,2nd_i
বলাচ্ছে,Present,3rd_f
বলাচ্ছেন,Present,pol_f
বলাত,Past,3rd_f
বলাতাম,Past,1st
বলাতিস,Past,2nd_i
বলাতুম,Past,1st
বলাতে,Past,2nd_f
বলাতেন,Past,pol_f
বলাতেম,Past,1st
বলান,Present,pol_f
বলানো,Present,obj_f
বলাব,Future,1st
বলাবার,Present,404_f
বলাবি,Future,1st
বলাবে,Future,2nd_f
বলাবেন,Future,pol_f
বলাবো,Future,1st
বলায়,Present,3rd_f
বলার,Present,404_f
বলাল,Past,3rd_f
বলালাম,Past,1st
বলালি,Past,1st
বলালুম,Past,1st
বলালে,Past,2nd_f
বলালেন,Past,pol_f
বলালেম,Past,1st
বলাস,Present,2nd_i
বলি,Past,1st
বলিও,Present,2nd_f
বলিত,Past,3rd_f
বলিতাম,Past,1st
বলিতিস,Past,2nd_i
বলিতে,Past,2nd_f
বলিতেছ,Present,2nd_f
বলিতেছি,Present,1st
বলিতেছিল,Past,3rd_f
বলিতেছিলাম,Past,1st
বলিতেছিলি,Past,1st
বলিতেছিলে,Past,2nd_f
বলিতেছিলেন,Past,pol_f
বলিতেছিস,Present,2nd_i
বলিতেছে,Present,2nd_f
বলিতেছেন,Present,pol_f
বলিতেন,Past,pol_f
বলিব,Future,1st
বলিবার,Present,404_f
বলিবি,Future,1st
বলিবে,Future,2nd_f
বলিবেন,Future,pol_f
বলিয়া,Participle,404_f
বলিয়াছ,Present,2nd_f
বলিয়াছি,Present,1st
বলিয়াছিল,Past,3rd_f
বলিয়াছিলাম,Past,1st
বলিয়াছিলি,Past,1st
বলিয়াছিলে,Past,2nd_f
বলিয়াছিলেন,Past,pol_f
বলিয়াছিস,Present,2nd_i
বলিয়াছে,Present,3rd_f
বলিয়াছেন,Present,pol_f
বলিয়ে,Participle,404_f
বলিয়েছ,Present,2nd_f
বলিয়েছি,Present,1st
বলিয়েছিল,Past,3rd_f
বলিয়েছিলাম,Past,1st
বলিয়েছিলি,Past,1st
বলিয়েছিলুম,Past,1st
বলিয়েছিলে,Past,2nd_f
বলিয়েছিলেন,Past,pol_f
বলিয়েছিলেম,Past,1st
বলিয়েছিস,Present,2nd_i
বলিয়েছে,Present,2nd_f
বলিয়েছেন,Present,pol_f
বলিয়ো,Present,2nd_f
বলিল,Past,3rd_f
বলিলাম,Past,1st
বলিলি,Past,1st
বলিলে,Past,2nd_f
বলিলেন,Past,pol_f
বলিস,Present,2nd_i
বলুক,Present,3rd_f
বলুন,Present,pol_f
বলে,Past,2nd_f
বলেছ,Present,2nd_f
বলেছি,Present,1st
বলেছিল,Past,3rd_f
বলেছিলাম,Past,1st
বলেছিলি,Past,1st
বলেছিলুম,Past,1st
বলেছিলে,Past,2nd_f
বলেছিলেন,Past,pol_f
বলেছিলেম,Past,1st
বলেছিস,Present,2nd_i
বলেছে,Present,2nd_f
বলেছেন,Present,pol_f
বলেন,Past,pol_f
বলো,Present,2nd_f
বলছ,Present,2nd_f
বলছি,Present,1st
বলছিল,Past,3rd_f
বলছিলাম,Past,1st
বলছিলি,Past,1st
বলছিলুম,Past,1st
বলছিলে,Past,2nd_f
বলছিলেন,Past,pol_f
বলছিলেম,Past,1st
বলছিস,Present,2nd_i
বলছে,Present,3rd_f
বলছেন,Present,pol_f
বলত,Past,3rd_f
বলতাম,Past,1st
বলতিস,Past,2nd_i
বলতুম,Past,1st
বলতে,Past,2nd_f
বলতেন,Past,pol_f
বলতেম,Past,1st
বলব,Future,1st
বলবার,Present,404_f
বলবি,Future,1st
বলবে,Future,2nd_f
বলবেন,Future,pol_f
বলবো,Future,1st
বলল,Past,3rd_f
বললাম,Past,1st
বললি,Past,1st
বললুম,Past,1st
বললে,Past,2nd_f
বললেন,Past,pol_f
বললেম,Past,1st
ভাব,Root,2nd_i
ভাবা,Base,pos_f
ভাবাই,Present,1st
ভাবাইও,Present,2nd_f
ভাবাইত,Past,3rd_f
ভাবাইতাম,Past,1st
ভাবাইতিস,Past,2nd_i
ভাবাইতে,Past,2nd_f
ভাবাইতেছ,Present,2nd_f
ভাবাইতেছি,Present,1st
ভাবাইতেছিল,Past,3rd_f
ভাবাইতেছিলাম,Past,1st
ভাবাইতেছিলি,Past,1st
ভাবাইতেছিলে,Past,2nd_f
ভাবাইতেছিলেন,Past,pol_f
ভাবাইতেছিস,Present,2nd_i
ভাবাইতেছে,Present,2nd_f
ভাবাইতেছেন,Present,pol_f
ভাবাইতেন,Past,pol_f
ভাবাইব,Future,1st
ভাবাইবার,Present,404_f
ভাবাইবি,Future,1st
ভাবাইবে,Future,2nd_f
ভাবাইবেন,Future,pol_f
ভাবাইয়া,Participle,404_f
ভাবাইয়াছ,Present,2nd_f
ভাবাইয়াছি,Present,1st
ভাবাইয়াছিল,Past,3rd_f
ভাবাইয়াছিলাম,Past,1st
ভাবাইয়াছিলি,Past,1st
ভাবাইয়াছিলে,Past,2nd_f
ভাবাইয়াছিলেন,Past,pol_f
ভাবাইয়াছিস,Present,2nd_i
ভাবাইয়াছে,Present,3rd_f
ভাবাইয়াছেন,Present,pol_f
ভাবাইয়ো,Present,2nd_f
ভাবাইল,Past,3rd_f
ভাবাইলাম,Past,1st
ভাবাইলি,Past,1st
ভাবাইলে,Past,2nd_f
ভাবাইলেন,Past,pol_f
ভাবাও,Present,2nd_f
ভাবাক,Present,3rd_f
ভাবাচ্ছ,Present,2nd_f
ভাবাচ্ছি,Present,1st
ভাবাচ্ছিল,Past,3rd_f
ভাবাচ্ছিলাম,Past,1st
ভাবাচ্ছিলি,Past,1st
ভাবাচ্ছিলুম,Past,1st
ভাবাচ্ছিলে,Past,2nd_f
ভাবাচ্ছিলেন,Past,pol_f
ভাবাচ্ছিলেম,Past,1st
ভাবাচ্ছিস,Present,2nd_i
ভাবাচ্ছে,Present,3rd_f
ভাবাচ্ছেন,Present,pol_f
ভাবাত,Past,3rd_f
ভাবাতাম,Past,1st
ভাবাতিস,Past,2nd_i
ভাবাতুম,Past,1st
ভাবাতে,Past,2nd_f
ভাবাতেন,Past,pol_f
ভাবাতেম,Past,1st
ভাবান,Present,pol_f
ভাবানো,Present,obj_f
ভাবাব,Future,1st
ভাবাবার,Present,404_f
ভাবাবি,Future,1st
ভাবাবে,Future,2nd_f
ভাবাবেন,Future,pol_f
ভাবাবো,Future,1st
ভাবায়,Present,3rd_f
ভাবার,Present,404_f
ভাবাল,Past,3rd_f
ভাবালাম,Past,1st
ভাবালি,Past,1st
ভাবালুম,Past,1st
ভাবালে,Past,2nd_f
ভাবালেন,Past,pol_f
ভাবালেম,Past,1st
ভাবাস,Present,2nd_i
ভাবি,Future,1st
ভাবিও,Present,2nd_f
ভাবিত,Past,3rd_f
ভাবিতাম,Past,1st
ভাবিতিস,Past,2nd_i
ভাবিতে,Past,2nd_f
ভাবিতেছ,Present,2nd_f
ভাবিতেছি,Present,1st
ভাবিতেছিল,Past,3rd_f
ভাবিতেছিলাম,Past,1st
ভাবিতেছিলি,Past,1st
ভাবিতেছিলে,Past,2nd_f
ভাবিতেছিলেন,Past,pol_f
ভাবিতেছিস,Present,2nd_i
ভাবিতেছে,Present,2nd_f
ভাবিতেছেন,Present,pol_f
ভাবিতেন,Past,pol_f
ভাবিব,Future,1st
ভাবিবার,Present,404_f
ভাবিবি,Future,1st
ভাবিবে,Future,2nd_f
ভাবিবেন,Future,pol_f
ভাবিয়া,Participle,404_f
ভাবিয়াছ,Present,2nd_f
ভাবিয়াছি,Present,1st
ভাবিয়াছিল,Past,3rd_f
ভাবিয়াছিলাম,Past,1st
ভাবিয়াছিলি,Past,1st
ভাবিয়াছিলে,Past,2nd_f
ভাবিয়াছিলেন,Past,pol_f
ভাবিয়াছিস,Present,2nd_i
ভাবিয়াছে,Present,3rd_f
ভাবিয়াছেন,Present,pol_f
ভাবিয়ে,Participle,404_f
ভাবিয়েছ,Present,2nd_f
ভাবিয়েছি,Present,1st
ভাবিয়েছিল,Past,3rd_f
ভাবিয়েছিলাম,Past,1st
ভাবিয়েছিলি,Past,1st
ভাবিয়েছিলুম,Past,1st
ভাবিয়েছিলে,Past,2nd_f
ভাবিয়েছিলেন,Past,pol_f
ভাবিয়েছিলেম,Past,1st
ভাবিয়েছিস,Present,2nd_i
ভাবিয়েছে,Present,2nd_f
ভাবিয়েছেন,Present,pol_f
ভাবিয়ো,Present,2nd_f
ভাবিল,Past,3rd_f
ভাবিলাম,Past,1st
ভাবিলি,Past,1st
ভাবিলে,Past,2nd_f
ভাবিলেন,Past,pol_f
ভাবিস,Present,2nd_i
ভাবুক,Present,3rd_f
ভাবুন,Present,pol_f
ভাবে,Future,2nd_f
ভাবেন,Future,pol_f
ভাবছ,Present,2nd_f
ভাবছি,Present,1st
ভাবছিল,Past,3rd_f
ভাবছিলাম,Past,1st
ভাবছিলি,Past,1st
ভাবছিলুম,Past,1st
ভাবছিলে,Past,2nd_f
ভাবছিলেন,Past,pol_f
ভাবছিলেম,Past,1st
ভাবছিস,Present,2nd_i
ভাবছে,Present,3rd_f
ভাবছেন,Present,pol_f
ভাবত,Past,3rd_f
ভাবতাম,Past,1st
ভাবতিস,Past,2nd_i
ভাবতুম,Past,1st
ভাবতে,Past,2nd_f
ভাবতেন,Past,pol_f
ভাবতেম,Past,1st
ভাবব,Future,1st
ভাববার,Present,404_f
ভাববি,Future,1st
ভাববে,Future,2nd_f
ভাববেন,Future,pol_f
ভাববো,Future,1st
ভাবল,Past,3rd_f
ভাবলাম,Past,1st
ভাবলি,Past,1st
ভাবলুম,Past,1st
ভাবলে,Past,2nd_f
ভাবলেন,Past,pol_f
ভাবলেম,Past,1st
ভোগ,Root,2nd_i
ভোগা,Base,pos_f
ভোগাই,Present,1st
ভোগাও,Present,2nd_f
ভোগাক,Present,3rd_f
ভোগাচ্ছ,Present,2nd_f
ভোগাচ্ছি,Present,1st
ভোগাচ্ছিল,Past,3rd_f
ভোগাচ্ছিলাম,Past,1st
ভোগাচ্ছিলি,Past,1st
ভোগাচ্ছিলুম,Past,1st
ভোগাচ্ছিলে,Past,2nd_f
ভোগাচ্ছিলেন,Past,pol_f
ভোগাচ্ছিলেম,Past,1st
ভোগাচ্ছিস,Present,2nd_i
ভোগাচ্ছে,Present,3rd_f
ভোগাচ্ছেন,Present,pol_f
ভোগাত,Past,3rd_f
ভোগাতাম,Past,1st
ভোগাতিস,Past,2nd_i
ভোগাতুম,Past,1st
ভোগাতে,Past,2nd_f
ভোগাতেন,Past,pol_f
ভোগাতেম,Past,1st
ভোগান,Present,pol_f
ভোগানো,Present,obj_f
ভোগাব,Future,1st
ভোগাবার,Present,404_f
ভোগাবি,Future,1st
ভোগাবে,Future,2nd_f
ভোগাবেন,Future,pol_f
ভোগাবো,Future,1st
ভোগায়,Present,3rd_f
ভোগার,Present,404_f
ভোগাল,Past,3rd_f
ভোগালাম,Past,1st
ভোগালি,Past,1st
ভোগালুম,Past,1st
ভোগালে,Past,2nd_f
ভোগালেন,Past,pol_f
ভোগালেম,Past,1st
ভোগাস,Present,2nd_i
ভোগে,Present,3rd_f
ভোগেন,Present,pol_f
ভোগবার,Present,404_f
মর,Root,2nd_i
মরা,Base,pos_f
মরার,Present,404_f
মরি,Present,1st
মরিও,Present,2nd_f
মরিত,Past,3rd_f
মরিতাম,Past,1st
মরিতিস,Past,2nd_i
মরিতে,Past,2nd_f
মরিতেছ,Present,2nd_f
মরিতেছি,Present,1st
মরিতেছিল,Past,3rd_f
মরিতেছিলাম,Past,1st
মরিতেছিলি,Past,1st
মরিতেছিলে,Past,2nd_f
মরিতেছিলেন,Past,pol_f
মরিতেছিস,Present,2nd_i
মরিতেছে,Present,2nd_f
মরিতেছেন,Present,pol_f
মরিতেন,Past,pol_f
মরিব,Future,1st
মরিবার,Present,404_f
মরিবি,Future,1st
মরিবে,Future,2nd_f
মরিবেন,Future,pol_f
মরিয়া,Participle,404_f
মরিয়াছ,Present,2nd_f
মরিয়াছি,Present,1st
মরিয়াছিল,Past,3rd_f
মরিয়াছিলাম,Past,1st
মরিয়াছিলি,Past,1st
মরিয়াছিলে,Past,2nd_f
মরিয়াছিলেন,Past,pol_f
মরিয়াছিস,Present,2nd_i
মরিয়াছে,Present,3rd_f
মরিয়াছেন,Present,pol_f
মরিয়ো,Present,2nd_f
মরিল,Past,3rd_f
মরিলাম,Past,1st
মরিলি,Past,1st
মরিলে,Past,2nd_f
মরিলেন,Past,pol_f
মরিস,Present,2nd_i
মরুক,Present,3rd_f
মরুন,Present,pol_f
মরে,Present,3rd_f
মরেছ,Present,2nd_f
মরেছি,Present,1st
মরেছিল,Past,3rd_f
মরেছিলাম,Past,1st
মরেছিলি,Past,1st
মরেছিলুম,Past,1st
মরেছিলে,Past,2nd_f
মরেছিলেন,Past,pol_f
মরেছিলেম,Past,1st
মরেছিস,Present,2nd_i
মরেছে,Present,2nd_f
মরেছেন,Present,pol_f
মরেন,Present,pol_f
মরো,Present,2nd_f
মরছ,Present,2nd_f
মরছি,Present,1st
মরছিল,Past,3rd_f
মরছিলাম,Past,1st
মরছিলি,Past,1st
মরছিলুম,Past,1st
মরছিলে,Past,2nd_f
মরছিলেন,Past,pol_f
মরছিলেম,Past,1st
মরছিস,Present,2nd_i
মরছে,Present,3rd_f
মরছেন,Present,pol_f
মরত,Past,3rd_f
মরতাম,Past,1st
মরতিস,Past,2nd_i
মরতুম,Past,1st
মরতে,Past,2nd_f
মরতেন,Past,pol_f
মরতেম,Past,1st
মরব,Future,1st
মরবার,Present,404_f
মরবি,Future,1st
মরবে,Future,2nd_f
মরবেন,Future,pol_f
মরবো,Future,1st
মরল,Past,3rd_f
মরলাম,Past,1st
মরলি,Past,1st
মরলুম,Past,1st
মরলে,Past,2nd_f
মরলেন,Past,pol_f
মরলেম,Past,1st
যা,Root,2nd_i
যাই,Present,1st
যাইও,Present,2nd_f
যাইত,Past,3rd_f
যাইতাম,Past,1st
যাইতিস,Past,2nd_i
যাইতে,Past,2nd_f
যাইতেছ,Present,2nd_f
যাইতেছি,Present,1st
যাইতেছিল,Past,3rd_f
যাইতেছিলাম,Past,1st
যাইতেছিলি,Past,1st
যাইতেছিলে,Past,2nd_f
যাইতেছিলেন,Past,pol_f
যাইতেছিস,Present,2nd_i
যাইতেছে,Present,2nd_f
যাইতেছেন,Present,pol_f
যাইতেন,Past,pol_f
যাইব,Future,1st
যাইবার,Present,404_f
যাইবি,Future,1st
যাইবে,Future,2nd_f
যাইবেন,Future,pol_f
যাইয়া,Participle,404_f
যাইয়ো,Present,2nd_f
যাইল,Past,3rd_f
যাইলাম,Past,1st
যাইলি,Past,1st
যাইলে,Past,2nd_f
যাইলেন,Past,pol_f
যাও,Present,2nd_f
যাওয়া,Base,pos_f
যাক,Present,3rd_f
লেখ,Root,2nd_i
লেখা,Base,pos_f
লেখাই,Present,1st
লেখাও,Present,2nd_f
লেখাক,Present,3rd_f
লেখাচ্ছ,Present,2nd_f
লেখাচ্ছি,Present,1st
লেখাচ্ছিল,Past,3rd_f
লেখাচ্ছিলাম,Past,1st
লেখাচ্ছিলি,Past,1st
লেখাচ্ছিলুম,Past,1st
লেখাচ্ছিলে,Past,2nd_f
লেখাচ্ছিলেন,Past,pol_f
লেখাচ্ছিলেম,Past,1st
লেখাচ্ছিস,Present,2nd_i
লেখাচ্ছে,Present,3rd_f
লেখাচ্ছেন,Present,pol_f
লেখাত,Past,3rd_f
লেখাতাম,Past,1st
লেখাতিস,Past,2nd_i
লেখাতুম,Past,1st
লেখাতে,Past,2nd_f
লেখাতেন,Past,pol_f
লেখাতেম,Past,1st
লেখান,Present,pol_f
লেখানো,Present,obj_f
লেখাব,Future,1st
লেখাবার,Present,404_f
লেখাবি,Future,1st
লেখাবে,Future,2nd_f
লেখাবেন,Future,pol_f
লেখাবো,Future,1st
লেখায়,Present,3rd_f
লেখার,Present,404_f
লেখাল,Past,3rd_f
লেখালাম,Past,1st
লেখালি,Past,1st
লেখালুম,Past,1st
লেখালে,Past,2nd_f
লেখালেন,Past,pol_f
লেখালেম,Past,1st
লেখাস,Present,2nd_i
লেখে,Present,3rd_f
লেখেন,Present,pol_f
লেখবার,Present,404_f
শোন,Root,2nd_i
শোনা,Base,pos_f
শোনাই,Present,1st
শোনাও,Present,2nd_f
শোনাক,Present,3rd_f
শোনাচ্ছ,Present,2nd_f
শোনাচ্ছি,Present,1st
শোনাচ্ছিল,Past,3rd_f
শোনাচ্ছিলাম,Past,1st
শোনাচ্ছিলি,Past,1st
শোনাচ্ছিলুম,Past,1st
শোনাচ্ছিলে,Past,2nd_f
শোনাচ্ছিলেন,Past,pol_f
শোনাচ্ছিলেম,Past,1st
শোনাচ্ছিস,Present,2nd_i
শোনাচ্ছে,Present,3rd_f
শোনাচ্ছেন,Present,pol_f
শোনাত,Past,3rd_f
শোনাতাম,Past,1st
শোনাতিস,Past,2nd_i
শোনাতুম,Past,1st
শোনাতে,Past,2nd_f
শোনাতেন,Past,pol_f
শোনাতেম,Past,1st
শোনান,Present,pol_f
শোনানো,Present,obj_f
শোনাব,Future,1st
শোনাবার,Present,404_f
শোনাবি,Future,1st
শোনাবে,Future,2nd_f
শোনাবেন,Future,pol_f
শোনাবো,Future,1st
শোনায়,Present,3rd_f
শোনার,Present,404_f
শোনাল,Past,3rd_f
শোনালাম,Past,1st
শোনালি,Past,1st
শোনালুম,Past,1st
শোনালে,Past,2nd_f
শোনালেন,Past,pol_f
শোনালেম,Past,1st
শোনাস,Present,2nd_i
শোনে,Present,3rd_f
শোনেন,Present,pol_f
শোনবার,Present,404_f
হাসা,Base,pos_f
হাসাই,Present,1st
হাসাইও,Present,2nd_f
হাসাইত,Past,3rd_f
হাসাইতাম,Past,1st
হাসাইতিস,Past,2nd_i
হাসাইতে,Past,2nd_f
হাসাইতেছ,Present,2nd_f
হাসাইতেছি,Present,1st
হাসাইতেছিল,Past,3rd_f
হাসাইতেছিলাম,Past,1st
হাসাইতেছিলি,Past,1st
হাসাইতেছিলে,Past,2nd_f
হাসাইতেছিলেন,Past,pol_f
হাসাইতেছিস,Present,2nd_i
হাসাইতেছে,Present,2nd_f
হাসাইতেছেন,Present,pol_f
হাসাইতেন,Past,pol_f
হাসাইব,Future,1st
হাসাইবার,Present,404_f
হাসাইবি,Future,1st
হাসাইবে,Future,2nd_f
হাসাইবেন,Future,pol_f
হাসাইয়া,Participle,404_f
হাসাইয়াছ,Present,2nd_f
হাসাইয়াছি,Present,1st
হাসাইয়াছিল,Past,3rd_f
হাসাইয়াছিলাম,Past,1st
হাসাইয়াছিলি,Past,1st
হাসাইয়াছিলে,Past,2nd_f
হাসাইয়াছিলেন,Past,pol_f
হাসাইয়াছিস,Present,2nd_i
হাসাইয়াছে,Present,3rd_f
হাসাইয়াছেন,Present,pol_f
হাসাইয়ো,Present,2nd_f
হাসাইল,Past,3rd_f
হাসাইলাম,Past,1st
হাসাইলি,Past,1st
হাসাইলে,Past,2nd_f
হাসাইলেন,Past,pol_f
হাসাও,Present,2nd_f
হাসাক,Present,3rd_f
হাসাচ্ছ,Present,2nd_f
হাসাচ্ছি,Present,1st
হাসাচ্ছিল,Past,3rd_f
হাসাচ্ছিলাম,Past,1st
হাসাচ্ছিলি,Past,1st
হাসাচ্ছিলুম,Past,1st
হাসাচ্ছিলে,Past,2nd_f
হাসাচ্ছিলেন,Past,pol_f
হাসাচ্ছিলেম,Past,1st
হাসাচ্ছিস,Present,2nd_i
হাসাচ্ছে,Present,3rd_f
হাসাচ্ছেন,Present,pol_f
হাসাত,Past,3rd_f
হাসাতাম,Past,1st
হাসাতিস,Past,2nd_i
হাসাতুম,Past,1st
হাসাতে,Past,2nd_f
হাসাতেন,Past,pol_f
হাসাতেম,Past,1st
হাসান,Present,pol_f
হাসানো,Present,obj_f
হাসাব,Future,1st
হাসাবার,Present,404_f
হাসাবি,Future,1st
হাসাবে,Future,2nd_f
হাসাবেন,Future,pol_f
হাসাবো,Future,1st
হাসায়,Present,3rd_f
হাসার,Present,404_f
হাসাল,Past,3rd_f
হাসালাম,Past,1st
হাসালি,Past,1st
হাসালুম,Past,1st
হাসালে,Past,2nd_f
হাসালেন,Past,pol_f
হাসালেম,Past,1st
হাসাস,Present,2nd_i
হাসিও,Present,2nd_f
হাসিত,Past,3rd_f
হাসিতাম,Past,1st
হাসিতিস,Past,2nd_i
হাসিতে,Past,2nd_f
হাসিতেছ,Present,2nd_f
হাসিতেছি,Present,1st
হাসিতেছিল,Past,3rd_f
হাসিতেছিলাম,Past,1st
হাসিতেছিলি,Past,1st
হাসিতেছিলে,Past,2nd_f
হাসিতেছিলেন,Past,pol_f
হাসিতেছিস,Present,2nd_i
হাসিতেছে,Present,2nd_f
হাসিতেছেন,Present,pol_f
হাসিতেন,Past,pol_f
হাসিব,Future,1st
হাসিবার,Present,404_f
হাসিবি,Future,1st
হাসিবে,Future,2nd_f
হাসিবেন,Future,pol_f
হাসিয়া,Participle,404_f
হাসিয়াছ,Present,2nd_f
হাসিয়াছি,Present,1st
হাসিয়াছিল,Past,3rd_f
হাসিয়াছিলাম,Past,1st
হাসিয়াছিলি,Past,1st
হাসিয়াছিলে,Past,2nd_f
হাসিয়াছিলেন,Past,pol_f
হাসিয়াছিস,Present,2nd_i
হাসিয়াছে,Present,3rd_f
হাসিয়াছেন,Present,pol_f
হাসিয়ে,Participle,404_f
হাসিয়েছ,Present,2nd_f
হাসিয়েছি,Present,1st
হাসিয়েছিল,Past,3rd_f
হাসিয়েছিলাম,Past,1st
হাসিয়েছিলি,Past,1st
হাসিয়েছিলুম,Past,1st
হাসিয়েছিলে,Past,2nd_f
হাসিয়েছিলেন,Past,pol_f
হাসিয়েছিলেম,Past,1st
হাসিয়েছিস,Present,2nd_i
হাসিয়েছে,Present,2nd_f
হাসিয়েছেন,Present,pol_f
হাসিয়ো,Present,2nd_f
হাসিলাম,Past,1st
হাসিলি,Past,1st
হাসিলে,Past,2nd_f
হাসিলেন,Past,pol_f
হাসিস,Present,2nd_i
হাসুক,Present,3rd_f
হাসুন,Present,pol_f
হাসে,Present,3rd_f
হাসেন,Present,pol_f
হাসছ,Present,2nd_f
হাসছি,Present,1st
হাসছিল,Past,3rd_f
হাসছিলাম,Past,1st
হাসছিলি,Past,1st
হাসছিলুম,Past,1st
হাসছিলে,Past,2nd_f
হাসছিলেন,Past,pol_f
হাসছিলেম,Past,1st
হাসছিস,Present,2nd_i
হাসছে,Present,3rd_f
হাসছেন,Present,pol_f
হাসত,Past,3rd_f
হাসতাম,Past,1st
হাসতিস,Past,2nd_i
হাসতুম,Past,1st
হাসতে,Past,2nd_f
হাসতেন,Past,pol_f
হাসতেম,Past,1st
হাসব,Future,1st
হাসবার,Present,404_f
হাসবি,Future,1st
হাসবে,Future,2nd_f
হাসবেন,Future,pol_f
হাসবো,Future,1st
হাসল,Past,3rd_f
হাসলাম,Past,1st
হাসলি,Past,1st
হাসলুম,Past,1st
হাসলে,Past,2nd_f
হাসলেন,Past,pol_f
হাসলেম,Past,1st
