Verb,Tense,Subject,cntx_cat
আঁক,Root,2nd_i,cntx_prt
আঁকা,Base,pos_f,cntx_alt
আঁকাই,Present,1st,cntx_prt
আঁকাইও,Present,2nd_f,cntx_prt
আঁকাইত,Past,3rd_f,cntx_pst
আঁকাইতাম,Past,1st,cntx_pst
আঁকাইতিস,Past,2nd_i,cntx_pst
আঁকাইতে,Past,2nd_f,cntx_pst
আঁকাইতেছ,Present,2nd_f,cntx_prt
আঁকাইতেছি,Present,1st,cntx_prt
আঁকাইতেছিল,Past,3rd_f,cntx_pst
আঁকাইতেছিলাম,Past,1st,cntx_pst
আঁকাইতেছিলি,Past,2nd_i,cntx_pst
আঁকাইতেছিলে,Past,2nd_f,cntx_pst
আঁকাইতেছিলেন,Past,pol_f,cntx_pst
আঁকাইতেছিস,Present,2nd_i,cntx_prt
আঁকাইতেছে,Present,3rd_f,cntx_prt
আঁকাইতেছেন,Present,pol_f,cntx_prt
আঁকাইতেন,Past,pol_f,cntx_pst
আঁকাইব,Future,1st,cntx_fut
আঁকাইবার,Present,404_f,cntx_404
আঁকাইবি,Future,2nd_i,cntx_fut
আঁকাইবে,Future,2nd_f,cntx_fut
আঁকাইবেন,Future,pol_f,cntx_fut
আঁকাইয়া,Participle,404_f,cntx_404
আঁকাইয়াছ,Present,2nd_f,cntx_prt
আঁকাইয়াছি,Present,1st,cntx_prt
আঁকাইয়াছিল,Past,3rd_f,cntx_pst
আঁকাইয়াছিলাম,Past,1st,cntx_pst
আঁকাইয়াছিলি,Past,2nd_i,cntx_pst
আঁকাইয়াছিলে,Past,2nd_f,cntx_pst
আঁকাইয়াছিলেন,Past,pol_f,cntx_pst
আঁকাইয়াছিস,Present,2nd_i,cntx_prt
আঁকাইয়াছে,Present,3rd_f,cntx_prt
আঁকাইয়াছেন,Present,pol_f,cntx_prt
আঁকাইয়ো,Present,2nd_f,cntx_prt
আঁকাইল,Past,3rd_f,cntx_pst
আঁকাইলাম,Past,1st,cntx_pst
আঁকাইলি,Past,2nd_i,cntx_pst
আঁকাইলে,Past,2nd_f,cntx_pst
আঁকাইলেন,Past,pol_f,cntx_pst
আঁকাও,Present,2nd_f,cntx_prt
আঁকাক,Present,3rd_f,cntx_prt
আঁকাচ্ছ,Present,2nd_f,cntx_prt
আঁকাচ্ছি,Present,1st,cntx_prt
আঁকাচ্ছিল,Past,3rd_f,cntx_pst
আঁকাচ্ছিলাম,Past,1st,cntx_pst
আঁকাচ্ছিলি,Past,2nd_i,cntx_pst
আঁকাচ্ছিলুম,Past,1st,cntx_pst
আঁকাচ্ছিলে,Past,2nd_f,cntx_pst
আঁকাচ্ছিলেন,Past,pol_f,cntx_pst
আঁকাচ্ছিলেম,Past,1st,cntx_pst
আঁকাচ্ছিস,Present,2nd_i,cntx_prt
আঁকাচ্ছে,Present,3rd_f,cntx_prt
আঁকাচ্ছেন,Present,pol_f,cntx_prt
আঁকাত,Past,3rd_f,cntx_pst
আঁকাতাম,Past,1st,cntx_pst
আঁকাতিস,Past,2nd_i,cntx_pst
আঁকাতুম,Past,1st,cntx_pst
আঁকাতে,Past,2nd_f,cntx_pst
আঁকাতেন,Past,pol_f,cntx_pst
আঁকাতেম,Past,1st,cntx_pst
আঁকান,Present,pol_f,cntx_prt
আঁকানো,Present,obj_f,cntx_alt
আঁকাব,Future,1st,cntx_fut
আঁকাবার,Present,404_f,cntx_404
আঁকাবি,Future,2nd_i,cntx_fut
আঁকাবে,Future,2nd_f,cntx_fut
আঁকাবেন,Future,pol_f,cntx_fut
আঁকাবো,Future,1st,cntx_fut
আঁকায়,Present,3rd_f,cntx_prt
আঁকার,Present,404_f,cntx_404
আঁকাল,Past,3rd_f,cntx_pst
আঁকালাম,Past,1st,cntx_pst
আঁকালি,Past,2nd_i,cntx_pst
আঁকালুম,Past,1st,cntx_pst
আঁকালে,Past,2nd_f,cntx_pst
আঁকালেন,Past,pol_f,cntx_pst
আঁকালেম,Past,1st,cntx_pst
আঁকাস,Present,2nd_i,cntx_prt
আঁকি,Present,1st,cntx_prt
আঁকিও,Present,2nd_f,cntx_prt
আঁকিত,Past,3rd_f,cntx_pst
আঁকিতাম,Past,1st,cntx_pst
আঁকিতিস,Past,2nd_i,cntx_pst
আঁকিতে,Past,2nd_f,cntx_pst
আঁকিতেছ,Present,2nd_f,cntx_prt
আঁকিতেছি,Present,1st,cntx_prt
আঁকিতেছিল,Past,3rd_f,cntx_pst
আঁকিতেছিলাম,Past,1st,cntx_pst
আঁকিতেছিলি,Past,2nd_i,cntx_pst
আঁকিতেছিলে,Past,2nd_f,cntx_pst
আঁকিতেছিলেন,Past,pol_f,cntx_pst
আঁকিতেছিস,Present,2nd_i,cntx_prt
আঁকিতেছে,Present,3rd_f,cntx_prt
আঁকিতেছেন,Present,pol_f,cntx_prt
আঁকিতেন,Past,pol_f,cntx_pst
আঁকিব,Future,1st,cntx_fut
আঁকিবার,Present,404_f,cntx_404
আঁকিবি,Future,2nd_i,cntx_fut
আঁকিবে,Future,2nd_f,cntx_fut
আঁকিবেন,Future,pol_f,cntx_fut
আঁকিয়া,Participle,404_f,cntx_404
আঁকিয়াছ,Present,2nd_f,cntx_prt
আঁকিয়াছি,Present,1st,cntx_prt
আঁকিয়াছিল,Past,3rd_f,cntx_pst
আঁকিয়াছিলাম,Past,1st,cntx_pst
আঁকিয়াছিলি,Past,2nd_i,cntx_pst
আঁকিয়াছিলে,Past,2nd_f,cntx_pst
আঁকিয়াছিলেন,Past,pol_f,cntx_pst
আঁকিয়াছিস,Present,2nd_i,cntx_prt
আঁকিয়াছে,Present,3rd_f,cntx_prt
আঁকিয়াছেন,Present,pol_f,cntx_prt
আঁকিয়ে,Participle,404_f,cntx_404
আঁকিয়েছ,Present,2nd_f,cntx_prt
আঁকিয়েছি,Present,1st,cntx_prt
আঁকিয়েছিল,Past,3rd_f,cntx_pst
আঁকিয়েছিলাম,Past,1st,cntx_pst
আঁকিয়েছিলি,Past,2nd_i,cntx_pst
আঁকিয়েছিলুম,Past,1st,cntx_pst
আঁকিয়েছিলে,Past,2nd_f,cntx_pst
আঁকিয়েছিলেন,Past,pol_f,cntx_pst
আঁকিয়েছিলেম,Past,1st,cntx_pst
আঁকিয়েছিস,Present,2nd_i,cntx_prt
আঁকিয়েছে,Present,3rd_f,cntx_prt
আঁকিয়েছেন,Present,pol_f,cntx_prt
আঁকিয়ো,Present,2nd_f,cntx_prt
আঁকিল,Past,3rd_f,cntx_pst
আঁকিলাম,Past,1st,cntx_pst
আঁকিলি,Past,2nd_i,cntx_pst
আঁকিলে,Past,2nd_f,cntx_pst
আঁকিলেন,Past,pol_f,cntx_pst
আঁকিস,Present,2nd_i,cntx_prt
আঁকুক,Present,3rd_f,cntx_prt
আঁকুন,Present,pol_f,cntx_prt
আঁকে,Present,3rd_f,cntx_prt
আঁকেন,Present,pol_f,cntx_prt
আঁকছ,Present,2nd_f,cntx_prt
আঁকছি,Present,1st,cntx_prt
আঁকছিল,Past,3rd_f,cntx_pst
আঁকছিলাম,Past,1st,cntx_pst
আঁকছিলি,Past,2nd_i,cntx_pst
আঁকছিলুম,Past,1st,cntx_pst
আঁকছিলে,Past,2nd_f,cntx_pst
আঁকছিলেন,Past,pol_f,cntx_pst
আঁকছিলেম,Past,1st,cntx_pst
আঁকছিস,Present,2nd_i,cntx_prt
আঁকছে,Present,3rd_f,cntx_prt
আঁকছেন,Present,pol_f,cntx_prt
আসা,Base,pos_f,cntx_alt
আসার,Present,404_f,cntx_404
আসি,Present,1st,cntx_prt
আসিও,Present,2nd_f,cntx_prt
আসিত,Past,3rd_f,cntx_pst
আসিতাম,Past,1st,cntx_pst
আসিতিস,Past,2nd_i,cntx_pst
আসিতে,Past,2nd_f,cntx_pst
আসিতেছ,Present,2nd_f,cntx_prt
আসিতেছি,Present,1st,cntx_prt
আসিতেছিল,Past,3rd_f,cntx_pst
আসিতেছিলাম,Past,1st,cntx_pst
আসিতেছিলি,Past,2nd_i,cntx_pst
আসিতেছিলে,Past,2nd_f,cntx_pst
আসিতেছিলেন,Past,pol_f,cntx_pst
আসিতেছিস,Present,2nd_i,cntx_prt
আসিতেছে,Present,3rd_f,cntx_prt
আসিতেছেন,Present,pol_f,cntx_prt
আসিতেন,Past,pol_f,cntx_pst
আসিব,Future,1st,cntx_fut
আসিবার,Present,404_f,cntx_404
আসিবি,Future,2nd_i,cntx_fut
আসিবে,Future,2nd_f,cntx_fut
আসিবেন,Future,pol_f,cntx_fut
আসিয়া,Participle,404_f,cntx_404
আসিয়াছ,Present,2nd_f,cntx_prt
আসিয়াছি,Present,1st,cntx_prt
আসিয়াছিল,Past,3rd_f,cntx_pst
আসিয়াছিলাম,Past,1st,cntx_pst
আসিয়াছিলি,Past,2nd_i,cntx_pst
আসিয়াছিলে,Past,2nd_f,cntx_pst
আসিয়াছিলেন,Past,pol_f,cntx_pst
আসিয়াছিস,Present,2nd_i,cntx_prt
আসিয়াছে,Present,3rd_f,cntx_prt
আসিয়াছেন,Present,pol_f,cntx_prt
আসিয়ো,Present,2nd_f,cntx_prt
আসিল,Past,3rd_f,cntx_pst
আসিলাম,Past,1st,cntx_pst
আসিলি,Past,2nd_i,cntx_pst
আসিলে,Past,2nd_f,cntx_pst
আসিলেন,Past,pol_f,cntx_pst
আসিস,Present,2nd_i,cntx_prt
আসুক,Present,3rd_f,cntx_prt
আসুন,Present,pol_f,cntx_prt
আসে,Present,3rd_f,cntx_prt
আসেন,Present,pol_f,cntx_prt
আসছ,Present,2nd_f,cntx_prt
আসছি,Present,1st,cntx_prt
আসছিল,Past,3rd_f,cntx_pst
আসছিলাম,Past,1st,cntx_pst
আসছিলি,Past,2nd_i,cntx_pst
আসছিলুম,Past,1st,cntx_pst
আসছিলে,Past,2nd_f,cntx_pst
আসছিলেন,Past,pol_f,cntx_pst
আসছিলেম,Past,1st,cntx_pst
আসছিস,Present,2nd_i,cntx_prt
আসছে,Present,3rd_f,cntx_prt
আসছেন,Present,pol_f,cntx_prt
আসত,Past,3rd_f,cntx_pst
আসতাম,Past,1st,cntx_pst
আসতিস,Past,2nd_i,cntx_pst
আসতুম,Past,1st,cntx_pst
আসতে,Past,2nd_f,cntx_pst
আসতেন,Past,pol_f,cntx_pst
আসতেম,Past,1st,cntx_pst
আসব,Future,1st,cntx_fut
আসবার,Present,404_f,cntx_404
আসবি,Future,2nd_i,cntx_fut
আসবে,Future,2nd_f,cntx_fut
আসবেন,Future,pol_f,cntx_fut
আসবো,Future,1st,cntx_fut
আসল,Past,3rd_f,cntx_pst
আসলাম,Past,1st,cntx_pst
আসলুম,Past,1st,cntx_pst
আসলে,Past,2nd_f,cntx_pst
আসলেন,Past,pol_f,cntx_pst
আসলেম,Past,1st,cntx_pst
উঠ,Root,2nd_i,cntx_prt
উঠা,Base,pos_f,cntx_alt
উঠাই,Present,1st,cntx_prt
উঠাইও,Present,2nd_f,cntx_prt
উঠাইত,Past,3rd_f,cntx_pst
উঠাইতাম,Past,1st,cntx_pst
উঠাইতিস,Past,2nd_i,cntx_pst
উঠাইতে,Past,2nd_f,cntx_pst
উঠাইতেছ,Present,2nd_f,cntx_prt
উঠাইতেছি,Present,1st,cntx_prt
উঠাইতেছিল,Past,3rd_f,cntx_pst
উঠাইতেছিলাম,Past,1st,cntx_pst
উঠাইতেছিলি,Past,2nd_i,cntx_pst
উঠাইতেছিলে,Past,2nd_f,cntx_pst
উঠাইতেছিলেন,Past,pol_f,cntx_pst
উঠাইতেছিস,Present,2nd_i,cntx_prt
উঠাইতেছে,Present,3rd_f,cntx_prt
উঠাইতেছেন,Present,pol_f,cntx_prt
উঠাইতেন,Past,pol_f,cntx_pst
উঠাইব,Future,1st,cntx_fut
উঠাইবার,Present,404_f,cntx_404
উঠাইবি,Future,2nd_i,cntx_fut
উঠাইবে,Future,2nd_f,cntx_fut
উঠাইবেন,Future,pol_f,cntx_fut
উঠাইয়া,Participle,404_f,cntx_404
উঠাইয়াছ,Present,2nd_f,cntx_prt
উঠাইয়াছি,Present,1st,cntx_prt
উঠাইয়াছিল,Past,3rd_f,cntx_pst
উঠাইয়াছিলাম,Past,1st,cntx_pst
উঠাইয়াছিলি,Past,2nd_i,cntx_pst
উঠাইয়াছিলে,Past,2nd_f,cntx_pst
উঠাইয়াছিলেন,Past,pol_f,cntx_pst
উঠাইয়াছিস,Present,2nd_i,cntx_prt
উঠাইয়াছে,Present,3rd_f,cntx_prt
উঠাইয়াছেন,Present,pol_f,cntx_prt
উঠাইয়ো,Present,2nd_f,cntx_prt
উঠাইল,Past,3rd_f,cntx_pst
উঠাইলাম,Past,1st,cntx_pst
উঠাইলি,Past,2nd_i,cntx_pst
উঠাইলে,Past,2nd_f,cntx_pst
উঠাইলেন,Past,pol_f,cntx_pst
উঠাও,Present,2nd_f,cntx_prt
উঠাক,Present,3rd_f,cntx_prt
উঠায়,Present,3rd_f,cntx_prt
উঠাস,Present,2nd_i,cntx_prt
উঠই,Present,1st,cntx_prt
উঠি,Present,1st,cntx_prt
উঠিও,Present,2nd_f,cntx_prt
উঠিতাম,Past,1st,cntx_pst
উঠিতিস,Past,2nd_i,cntx_pst
উঠিতে,Past,2nd_f,cntx_pst
উঠিতেছ,Present,2nd_f,cntx_prt
উঠিতেছি,Present,1st,cntx_prt
উঠিতেছিল,Past,3rd_f,cntx_pst
উঠিতেছিলাম,Past,1st,cntx_pst
উঠিতেছিলি,Past,2nd_i,cntx_pst
উঠিতেছিলে,Past,2nd_f,cntx_pst
উঠিতেছিলেন,Past,pol_f,cntx_pst
উঠিতেছিস,Present,2nd_i,cntx_prt
উঠিতেছে,Present,3rd_f,cntx_prt
উঠিতেছেন,Present,pol_f,cntx_prt
উঠিতেন,Past,pol_f,cntx_pst
উঠিব,Future,1st,cntx_fut
উঠিবার,Present,404_f,cntx_404
উঠিবি,Future,2nd_i,cntx_fut
উঠিবে,Future,2nd_f,cntx_fut
উঠিবেন,Future,pol_f,cntx_fut
উঠিয়া,Participle,404_f,cntx_404
উঠিয়াছ,Present,2nd_f,cntx_prt
উঠিয়াছি,Present,1st,cntx_prt
উঠিয়াছিল,Past,3rd_f,cntx_pst
উঠিয়াছিলাম,Past,1st,cntx_pst
উঠিয়াছিলি,Past,2nd_i,cntx_pst
উঠিয়াছিলে,Past,2nd_f,cntx_pst
উঠিয়াছিলেন,Past,pol_f,cntx_pst
উঠিয়াছিস,Present,2nd_i,cntx_prt
উঠিয়াছে,Present,3rd_f,cntx_prt
উঠিয়াছেন,Present,pol_f,cntx_prt
উঠিয়ে,Participle,404_f,cntx_404
উঠিয়েছ,Present,2nd_f,cntx_prt
উঠিয়েছি,Present,1st,cntx_prt
উঠিয়েছিল,Past,3rd_f,cntx_pst
উঠিয়েছিলাম,Past,1st,cntx_pst
উঠিয়েছিলি,Past,2nd_i,cntx_pst
উঠিয়েছিলুম,Past,1st,cntx_pst
উঠিয়েছিলে,Past,2nd_f,cntx_pst
উঠিয়েছিলেন,Past,pol_f,cntx_pst
উঠিয়েছিলেম,Past,1st,cntx_pst
উঠিয়েছিস,Present,2nd_i,cntx_prt
উঠিয়েছে,Present,3rd_f,cntx_prt
উঠিয়েছেন,Present,pol_f,cntx_prt
উঠিয়ো,Present,2nd_f,cntx_prt
উঠিল,Past,3rd_f,cntx_pst
উঠিলাম,Past,1st,cntx_pst
উঠিলি,Past,2nd_i,cntx_pst
উঠিলে,Past,2nd_f,cntx_pst
উঠিলেন,Past,pol_f,cntx_pst
উঠিস,Present,2nd_i,cntx_prt
উঠুক,Present,3rd_f,cntx_prt
উঠুন,Present,pol_f,cntx_prt
উঠে,Present,3rd_f,cntx_prt
উঠেছ,Present,2nd_f,cntx_prt
উঠেছি,Present,1st,cntx_prt
উঠেছিল,Past,3rd_f,cntx_pst
উঠেছিলাম,Past,1st,cntx_pst
উঠেছিলি,Past,2nd_i,cntx_pst
উঠেছিলুম,Past,1st,cntx_pst
উঠেছিলে,Past,2nd_f,cntx_pst
উঠেছিলেন,Past,pol_f,cntx_pst
উঠেছিলেম,Past,1st,cntx_pst
উঠেছিস,Present,2nd_i,cntx_prt
উঠেছে,Present,3rd_f,cntx_prt
উঠেছেন,Present,pol_f,cntx_prt
উঠেন,Present,pol_f,cntx_prt
উঠেপড়ে,Present,3rd_f,cntx_prt
উঠও,Present,2nd_f,cntx_prt
উঠো,Present,2nd_f,cntx_prt
উঠচ্ছ,Present,2nd_f,cntx_prt
উঠচ্ছি,Present,1st,cntx_prt
উঠচ্ছিল,Past,3rd_f,cntx_pst
উঠচ্ছিলাম,Past,1st,cntx_pst
উঠচ্ছিলি,Past,2nd_i,cntx_pst
উঠচ্ছিলুম,Past,1st,cntx_pst
উঠচ্ছিলে,Past,2nd_f,cntx_pst
উঠচ্ছিলেন,Past,pol_f,cntx_pst
উঠচ্ছিলেম,Past,1st,cntx_pst
উঠচ্ছিস,Present,2nd_i,cntx_prt
উঠচ্ছে,Present,3rd_f,cntx_prt
উঠচ্ছেন,Present,pol_f,cntx_prt
উঠছ,Present,2nd_f,cntx_prt
উঠছি,Present,1st,cntx_prt
উঠছিল,Past,3rd_f,cntx_pst
উঠছিলাম,Past,1st,cntx_pst
উঠছিলি,Past,2nd_i,cntx_pst
উঠছিলুম,Past,1st,cntx_pst
উঠছিলে,Past,2nd_f,cntx_pst
উঠছিলেন,Past,pol_f,cntx_pst
উঠছিলেম,Past,1st,cntx_pst
উঠছিস,Present,2nd_i,cntx_prt
উঠছে,Present,3rd_f,cntx_prt
উঠছেন,Present,pol_f,cntx_prt
উঠত,Past,3rd_f,cntx_pst
উঠতাম,Past,1st,cntx_pst
উঠতিস,Past,2nd_i,cntx_pst
উঠতুম,Past,1st,cntx_pst
উঠতে,Past,2nd_f,cntx_pst
উঠতেন,Past,pol_f,cntx_pst
উঠতেম,Past,1st,cntx_pst
উঠনো,Present,obj_f,cntx_alt
উঠব,Future,1st,cntx_fut
উঠবার,Present,404_f,cntx_404
উঠবি,Future,2nd_i,cntx_fut
উঠবে,Future,2nd_f,cntx_fut
উঠবেন,Future,pol_f,cntx_fut
উঠবো,Future,1st,cntx_fut
উঠয়,Present,3rd_f,cntx_prt
উঠল,Past,3rd_f,cntx_pst
উঠলাম,Past,1st,cntx_pst
উঠলি,Past,2nd_i,cntx_pst
উঠলুম,Past,1st,cntx_pst
উঠলে,Past,2nd_f,cntx_pst
উঠলেন,Past,pol_f,cntx_pst
উঠলেম,Past,1st,cntx_pst
কাট,Root,2nd_i,cntx_prt
কাটা,Base,pos_f,cntx_alt
কাটাই,Present,1st,cntx_prt
কাটাইও,Present,2nd_f,cntx_prt
কাটাইত,Past,3rd_f,cntx_pst
কাটাইতাম,Past,1st,cntx_pst
কাটাইতিস,Past,2nd_i,cntx_pst
কাটাইতে,Past,2nd_f,cntx_pst
কাটাইতেছ,Present,2nd_f,cntx_prt
কাটাইতেছি,Present,1st,cntx_prt
কাটাইতেছিল,Past,3rd_f,cntx_pst
কাটাইতেছিলাম,Past,1st,cntx_pst
কাটাইতেছিলি,Past,2nd_i,cntx_pst
কাটাইতেছিলে,Past,2nd_f,cntx_pst
কাটাইতেছিলেন,Past,pol_f,cntx_pst
কাটাইতেছিস,Present,2nd_i,cntx_prt
কাটাইতেছে,Present,3rd_f,cntx_prt
কাটাইতেছেন,Present,pol_f,cntx_prt
কাটাইতেন,Past,pol_f,cntx_pst
কাটাইব,Future,1st,cntx_fut
কাটাইবার,Present,404_f,cntx_404
কাটাইবি,Future,2nd_i,cntx_fut
কাটাইবে,Future,2nd_f,cntx_fut
কাটাইবেন,Future,pol_f,cntx_fut
কাটাইয়া,Participle,404_f,cntx_404
কাটাইয়াছ,Present,2nd_f,cntx_prt
কাটাইয়াছি,Present,1st,cntx_prt
কাটাইয়াছিল,Past,3rd_f,cntx_pst
কাটাইয়াছিলাম,Past,1st,cntx_pst
কাটাইয়াছিলি,Past,2nd_i,cntx_pst
কাটাইয়াছিলে,Past,2nd_f,cntx_pst
কাটাইয়াছিলেন,Past,pol_f,cntx_pst
কাটাইয়াছিস,Present,2nd_i,cntx_prt
কাটাইয়াছে,Present,3rd_f,cntx_prt
কাটাইয়াছেন,Present,pol_f,cntx_prt
কাটাইয়ো,Present,2nd_f,cntx_prt
কাটাইল,Past,3rd_f,cntx_pst
কাটাইলাম,Past,1st,cntx_pst
কাটাইলি,Past,2nd_i,cntx_pst
কাটাইলে,Past,2nd_f,cntx_pst
কাটাইলেন,Past,pol_f,cntx_pst
কাটাও,Present,2nd_f,cntx_prt
কাটাক,Present,3rd_f,cntx_prt
কাটাচ্ছ,Present,2nd_f,cntx_prt
কাটাচ্ছি,Present,1st,cntx_prt
কাটাচ্ছিল,Past,3rd_f,cntx_pst
কাটাচ্ছিলাম,Past,1st,cntx_pst
কাটাচ্ছিলি,Past,2nd_i,cntx_pst
কাটাচ্ছিলুম,Past,1st,cntx_pst
কাটাচ্ছিলে,Past,2nd_f,cntx_pst
কাটাচ্ছিলেন,Past,pol_f,cntx_pst
কাটাচ্ছিলেম,Past,1st,cntx_pst
কাটাচ্ছিস,Present,2nd_i,cntx_prt
কাটাচ্ছে,Present,3rd_f,cntx_prt
কাটাচ্ছেন,Present,pol_f,cntx_prt
কাটাত,Past,3rd_f,cntx_pst
কাটাতাম,Past,1st,cntx_pst
কাটাতিস,Past,2nd_i,cntx_pst
কাটাতুম,Past,1st,cntx_pst
কাটাতে,Past,2nd_f,cntx_pst
কাটাতেন,Past,pol_f,cntx_pst
কাটাতেম,Past,1st,cntx_pst
কাটান,Present,pol_f,cntx_prt
কাটানো,Present,obj_f,cntx_alt
কাটাব,Future,1st,cntx_fut
কাটাবার,Present,404_f,cntx_404
কাটাবি,Future,2nd_i,cntx_fut
কাটাবে,Future,2nd_f,cntx_fut
কাটাবেন,Future,pol_f,cntx_fut
কাটাবো,Future,1st,cntx_fut
কাটায়,Present,3rd_f,cntx_prt
কাটার,Present,404_f,cntx_404
কাটাল,Past,3rd_f,cntx_pst
কাটালাম,Past,1st,cntx_pst
কাটালি,Past,2nd_i,cntx_pst
কাটালুম,Past,1st,cntx_pst
কাটালে,Past,2nd_f,cntx_pst
কাটালেন,Past,pol_f,cntx_pst
কাটালেম,Past,1st,cntx_pst
কাটাস,Present,2nd_i,cntx_prt
কাটি,Present,1st,cntx_prt
কাটিও,Present,2nd_f,cntx_prt
কাটিত,Past,3rd_f,cntx_pst
কাটিতাম,Past,1st,cntx_pst
কাটিতিস,Past,2nd_i,cntx_pst
কাটিতে,Past,2nd_f,cntx_pst
কাটিতেছ,Present,2nd_f,cntx_prt
কাটিতেছি,Present,1st,cntx_prt
কাটিতেছিল,Past,3rd_f,cntx_pst
কাটিতেছিলাম,Past,1st,cntx_pst
কাটিতেছিলি,Past,2nd_i,cntx_pst
কাটিতেছিলে,Past,2nd_f,cntx_pst
কাটিতেছিলেন,Past,pol_f,cntx_pst
কাটিতেছিস,Present,2nd_i,cntx_prt
কাটিতেছে,Present,3rd_f,cntx_prt
কাটিতেছেন,Present,pol_f,cntx_prt
কাটিতেন,Past,pol_f,cntx_pst
কাটিব,Future,1st,cntx_fut
কাটিবার,Present,404_f,cntx_404
কাটিবি,Future,2nd_i,cntx_fut
কাটিবে,Future,2nd_f,cntx_fut
কাটিবেন,Future,pol_f,cntx_fut
কাটিয়া,Participle,404_f,cntx_404
কাটিয়াছ,Present,2nd_f,cntx_prt
কাটিয়াছি,Present,1st,cntx_prt
কাটিয়াছিল,Past,3rd_f,cntx_pst
কাটিয়াছিলাম,Past,1st,cntx_pst
কাটিয়াছিলি,Past,2nd_i,cntx_pst
কাটিয়াছিলে,Past,2nd_f,cntx_pst
কাটিয়াছিলেন,Past,pol_f,cntx_pst
কাটিয়াছিস,Present,2nd_i,cntx_prt
কাটিয়াছে,Present,3rd_f,cntx_prt
কাটিয়াছেন,Present,pol_f,cntx_prt
কাটিয়ে,Participle,404_f,cntx_404
কাটিয়েছ,Present,2nd_f,cntx_prt
কাটিয়েছি,Present,1st,cntx_prt
কাটিয়েছিল,Past,3rd_f,cntx_pst
কাটিয়েছিলাম,Past,1st,cntx_pst
কাটিয়েছিলি,Past,2nd_i,cntx_pst
কাটিয়েছিলুম,Past,1st,cntx_pst
কাটিয়েছিলে,Past,2nd_f,cntx_pst
কাটিয়েছিলেন,Past,pol_f,cntx_pst
কাটিয়েছিলেম,Past,1st,cntx_pst
কাটিয়েছিস,Present,2nd_i,cntx_prt
কাটিয়েছে,Present,3rd_f,cntx_prt
কাটিয়েছেন,Present,pol_f,cntx_prt
কাটিয়ো,Present,2nd_f,cntx_prt
কাটিল,Past,3rd_f,cntx_pst
কাটিলাম,Past,1st,cntx_pst
কাটিলি,Past,2nd_i,cntx_pst
কাটিলে,Past,2nd_f,cntx_pst
কাটিলেন,Past,pol_f,cntx_pst
কাটিস,Present,2nd_i,cntx_prt
কাটুক,Present,3rd_f,cntx_prt
কাটুন,Present,pol_f,cntx_prt
কাটে,Present,3rd_f,cntx_prt
কাটেন,Present,pol_f,cntx_prt
কাটছ,Present,2nd_f,cntx_prt
কাটছি,Present,1st,cntx_prt
কাটছিল,Past,3rd_f,cntx_pst
কাটছিলাম,Past,1st,cntx_pst
কাটছিলি,Past,2nd_i,cntx_pst
কাটছিলুম,Past,1st,cntx_pst
কাটছিলে,Past,2nd_f,cntx_pst
কাটছিলেন,Past,pol_f,cntx_pst
কাটছিলেম,Past,1st,cntx_pst
কাটছিস,Present,2nd_i,cntx_prt
কাটছে,Present,3rd_f,cntx_prt
কাটছেন,Present,pol_f,cntx_prt
কাটত,Past,3rd_f,cntx_pst
কাটতাম,Past,1st,cntx_pst
কাটতিস,Past,2nd_i,cntx_pst
কাটতুম,Past,1st,cntx_pst
কাটতে,Past,2nd_f,cntx_pst
কাটতেন,Past,pol_f,cntx_pst
কাটতেম,Past,1st,cntx_pst
কাটনো,Present,obj_f,cntx_alt
কাটব,Future,1st,cntx_fut
কাটবার,Present,404_f,cntx_404
কাটবি,Future,2nd_i,cntx_fut
কাটবে,Future,2nd_f,cntx_fut
কাটবেন,Future,pol_f,cntx_fut
কাটবো,Future,1st,cntx_fut
কাটল,Past,3rd_f,cntx_pst
কাটলাম,Past,1st,cntx_pst
কাটলি,Past,2nd_i,cntx_pst
কাটলুম,Past,1st,cntx_pst
কাটলে,Past,2nd_f,cntx_pst
কাটলেন,Past,pol_f,cntx_pst
কাটলেম,Past,1st,cntx_pst
কাঁদ,Root,2nd_i,cntx_prt
কাঁদা,Base,pos_f,cntx_alt
কাঁদাই,Present,1st,cntx_prt
কাঁদাইও,Present,2nd_f,cntx_prt
কাঁদাইত,Past,3rd_f,cntx_pst
কাঁদাইতাম,Past,1st,cntx_pst
কাঁদাইতিস,Past,2nd_i,cntx_pst
কাঁদাইতে,Past,2nd_f,cntx_pst
কাঁদাইতেছ,Present,2nd_f,cntx_prt
কাঁদাইতেছি,Present,1st,cntx_prt
কাঁদাইতেছিল,Past,3rd_f,cntx_pst
কাঁদাইতেছিলাম,Past,1st,cntx_pst
কাঁদাইতেছিলি,Past,2nd_i,cntx_pst
কাঁদাইতেছিলে,Past,2nd_f,cntx_pst
কাঁদাইতেছিলেন,Past,pol_f,cntx_pst
কাঁদাইতেছিস,Present,2nd_i,cntx_prt
কাঁদাইতেছে,Present,3rd_f,cntx_prt
কাঁদাইতেছেন,Present,pol_f,cntx_prt
কাঁদাইতেন,Past,pol_f,cntx_pst
কাঁদাইব,Future,1st,cntx_fut
কাঁদাইবার,Present,404_f,cntx_404
কাঁদাইবি,Future,2nd_i,cntx_fut
কাঁদাইবে,Future,2nd_f,cntx_fut
কাঁদাইবেন,Future,pol_f,cntx_fut
কাঁদাইয়া,Participle,404_f,cntx_404
কাঁদাইয়াছ,Present,2nd_f,cntx_prt
কাঁদাইয়াছি,Present,1st,cntx_prt
কাঁদাইয়াছিল,Past,3rd_f,cntx_pst
কাঁদাইয়াছিলাম,Past,1st,cntx_pst
কাঁদাইয়াছিলি,Past,2nd_i,cntx_pst
কাঁদাইয়াছিলে,Past,2nd_f,cntx_pst
কাঁদাইয়াছিলেন,Past,pol_f,cntx_pst
কাঁদাইয়াছিস,Present,2nd_i,cntx_prt
কাঁদাইয়াছে,Present,3rd_f,cntx_prt
কাঁদাইয়াছেন,Present,pol_f,cntx_prt
কাঁদাইয়ো,Present,2nd_f,cntx_prt
কাঁদাইল,Past,3rd_f,cntx_pst
কাঁদাইলাম,Past,1st,cntx_pst
কাঁদাইলি,Past,2nd_i,cntx_pst
কাঁদাইলে,Past,2nd_f,cntx_pst
কাঁদাইলেন,Past,pol_f,cntx_pst
কাঁদাও,Present,2nd_f,cntx_prt
কাঁদাক,Present,3rd_f,cntx_prt
কাঁদাচ্ছ,Present,2nd_f,cntx_prt
কাঁদাচ্ছি,Present,1st,cntx_prt
কাঁদাচ্ছিল,Past,3rd_f,cntx_pst
কাঁদাচ্ছিলাম,Past,1st,cntx_pst
কাঁদাচ্ছিলি,Past,2nd_i,cntx_pst
কাঁদাচ্ছিলুম,Past,1st,cntx_pst
কাঁদাচ্ছিলে,Past,2nd_f,cntx_pst
কাঁদাচ্ছিলেন,Past,pol_f,cntx_pst
কাঁদাচ্ছিলেম,Past,1st,cntx_pst
কাঁদাচ্ছিস,Present,2nd_i,cntx_prt
কাঁদাচ্ছে,Present,3rd_f,cntx_prt
কাঁদাচ্ছেন,Present,pol_f,cntx_prt
কাঁদাত,Past,3rd_f,cntx_pst
কাঁদাতাম,Past,1st,cntx_pst
কাঁদাতিস,Past,2nd_i,cntx_pst
কাঁদাতুম,Past,1st,cntx_pst
কাঁদাতে,Past,2nd_f,cntx_pst
কাঁদাতেন,Past,pol_f,cntx_pst
কাঁদাতেম,Past,1st,cntx_pst
কাঁদান,Present,pol_f,cntx_prt
কাঁদানো,Present,obj_f,cntx_alt
কাঁদাব,Future,1st,cntx_fut
কাঁদাবার,Present,404_f,cntx_404
কাঁদাবি,Future,2nd_i,cntx_fut
কাঁদাবে,Future,2nd_f,cntx_fut
কাঁদাবেন,Future,pol_f,cntx_fut
কাঁদাবো,Future,1st,cntx_fut
কাঁদায়,Present,3rd_f,cntx_prt
কাঁদার,Present,404_f,cntx_404
কাঁদাল,Past,3rd_f,cntx_pst
কাঁদালাম,Past,1st,cntx_pst
কাঁদালি,Past,2nd_i,cntx_pst
কাঁদালুম,Past,1st,cntx_pst
কাঁদালে,Past,2nd_f,cntx_pst
কাঁদালেন,Past,pol_f,cntx_pst
কাঁদালেম,Past,1st,cntx_pst
কাঁদাস,Present,2nd_i,cntx_prt
কাঁদি,Present,1st,cntx_prt
কাঁদিও,Present,2nd_f,cntx_prt
কাঁদিত,Past,3rd_f,cntx_pst
কাঁদিতাম,Past,1st,cntx_pst
কাঁদিতিস,Past,2nd_i,cntx_pst
কাঁদিতে,Past,2nd_f,cntx_pst
কাঁদিতেছ,Present,2nd_f,cntx_prt
কাঁদিতেছি,Present,1st,cntx_prt
কাঁদিতেছিল,Past,3rd_f,cntx_pst
কাঁদিতেছিলাম,Past,1st,cntx_pst
কাঁদিতেছিলি,Past,2nd_i,cntx_pst
কাঁদিতেছিলে,Past,2nd_f,cntx_pst
কাঁদিতেছিলেন,Past,pol_f,cntx_pst
কাঁদিতেছিস,Present,2nd_i,cntx_prt
কাঁদিতেছে,Present,3rd_f,cntx_prt
কাঁদিতেছেন,Present,pol_f,cntx_prt
কাঁদিতেন,Past,pol_f,cntx_pst
কাঁদিব,Future,1st,cntx_fut
কাঁদিবার,Present,404_f,cntx_404
কাঁদিবি,Future,2nd_i,cntx_fut
কাঁদিবে,Future,2nd_f,cntx_fut
কাঁদিবেন,Future,pol_f,cntx_fut
কাঁদিয়া,Participle,404_f,cntx_404
কাঁদিয়াছ,Present,2nd_f,cntx_prt
কাঁদিয়াছি,Present,1st,cntx_prt
কাঁদিয়াছিল,Past,3rd_f,cntx_pst
কাঁদিয়াছিলাম,Past,1st,cntx_pst
কাঁদিয়াছিলি,Past,2nd_i,cntx_pst
কাঁদিয়াছিলে,Past,2nd_f,cntx_pst
কাঁদিয়াছিলেন,Past,pol_f,cntx_pst
কাঁদিয়াছিস,Present,2nd_i,cntx_prt
কাঁদিয়াছে,Present,3rd_f,cntx_prt
কাঁদিয়াছেন,Present,pol_f,cntx_prt
কাঁদিয়ে,Participle,404_f,cntx_404
কাঁদিয়েছ,Present,2nd_f,cntx_prt
কাঁদিয়েছি,Present,1st,cntx_prt
কাঁদিয়েছিল,Past,3rd_f,cntx_pst
কাঁদিয়েছিলাম,Past,1st,cntx_pst
কাঁদিয়েছিলি,Past,2nd_i,cntx_pst
কাঁদিয়েছিলুম,Past,1st,cntx_pst
কাঁদিয়েছিলে,Past,2nd_f,cntx_pst
কাঁদিয়েছিলেন,Past,pol_f,cntx_pst
কাঁদিয়েছিলেম,Past,1st,cntx_pst
কাঁদিয়েছিস,Present,2nd_i,cntx_prt
কাঁদিয়েছে,Present,3rd_f,cntx_prt
কাঁদিয়েছেন,Present,pol_f,cntx_prt
কাঁদিয়ো,Present,2nd_f,cntx_prt
কাঁদিল,Past,3rd_f,cntx_pst
কাঁদিলাম,Past,1st,cntx_pst
কাঁদিলি,Past,2nd_i,cntx_pst
কাঁদিলে,Past,2nd_f,cntx_pst
কাঁদিলেন,Past,pol_f,cntx_pst
কাঁদিস,Present,2nd_i,cntx_prt
কাঁদুক,Present,3rd_f,cntx_prt
কাঁদুন,Present,pol_f,cntx_prt
কাঁদে,Present,3rd_f,cntx_prt
কাঁদেন,Present,pol_f,cntx_prt
কাঁদছ,Present,2nd_f,cntx_prt
কাঁদছি,Present,1st,cntx_prt
কাঁদছিল,Past,3rd_f,cntx_pst
কাঁদছিলাম,Past,1st,cntx_pst
কাঁদছিলি,Past,2nd_i,cntx_pst
কাঁদছিলুম,Past,1st,cntx_pst
কাঁদছিলে,Past,2nd_f,cntx_pst
কাঁদছিলেন,Past,pol_f,cntx_pst
কাঁদছিলেম,Past,1st,cntx_pst
কাঁদছিস,Present,2nd_i,cntx_prt
কাঁদছে,Present,3rd_f,cntx_prt
কাঁদছেন,Present,pol_f,cntx_prt
কাঁদত,Past,3rd_f,cntx_pst
কাঁদতাম,Past,1st,cntx_pst
কাঁদতিস,Past,2nd_i,cntx_pst
কাঁদতুম,Past,1st,cntx_pst
কাঁদতে,Past,2nd_f,cntx_pst
কাঁদতেন,Past,pol_f,cntx_pst
কাঁদতেম,Past,1st,cntx_pst
কাঁদব,Future,1st,cntx_fut
কাঁদবার,Present,404_f,cntx_404
কাঁদবি,Future,2nd_i,cntx_fut
কাঁদবে,Future,2nd_f,cntx_fut
কাঁদবেন,Future,pol_f,cntx_fut
কাঁদবো,Future,1st,cntx_fut
কাঁদল,Past,3rd_f,cntx_pst
কাঁদলাম,Past,1st,cntx_pst
কাঁদলি,Past,2nd_i,cntx_pst
কাঁদলুম,Past,1st,cntx_pst
কাঁদলে,Past,2nd_f,cntx_pst
কাঁদলেন,Past,pol_f,cntx_pst
কাঁদলেম,Past,1st,cntx_pst
খা,Root,2nd_i,cntx_prt
খাই,Present,1st,cntx_prt
খাইও,Present,2nd_f,cntx_prt
খাইত,Past,3rd_f,cntx_pst
খাইতাম,Past,1st,cntx_pst
খাইতিস,Past,2nd_i,cntx_pst
খাইতে,Past,2nd_f,cntx_pst
খাইতেছ,Present,2nd_f,cntx_prt
খাইতেছি,Present,1st,cntx_prt
খাইতেছিল,Past,3rd_f,cntx_pst
খাইতেছিলাম,Past,1st,cntx_pst
খাইতেছিলি,Past,2nd_i,cntx_pst
খাইতেছিলে,Past,2nd_f,cntx_pst
খাইতেছিলেন,Past,pol_f,cntx_pst
খাইতেছিস,Present,2nd_i,cntx_prt
খাইতেছে,Present,3rd_f,cntx_prt
খাইতেছেন,Present,pol_f,cntx_prt
খাইতেন,Past,pol_f,cntx_pst
খাইব,Future,1st,cntx_fut
খাইবার,Present,404_f,cntx_404
খাইবি,Future,2nd_i,cntx_fut
খাইবে,Future,2nd_f,cntx_fut
খাইবেন,Future,pol_f,cntx_fut
খাইয়া,Participle,404_f,cntx_404
খাইয়াছ,Present,2nd_f,cntx_prt
খাইয়াছি,Present,1st,cntx_prt
খাইয়াছিল,Past,3rd_f,cntx_pst
খাইয়াছিলাম,Past,1st,cntx_pst
খাইয়াছিলি,Past,2nd_i,cntx_pst
খাইয়াছিলে,Past,2nd_f,cntx_pst
খাইয়াছিলেন,Past,pol_f,cntx_pst
খাইয়াছিস,Present,2nd_i,cntx_prt
খাইয়াছে,Present,3rd_f,cntx_prt
খাইয়াছেন,Present,pol_f,cntx_prt
খাইয়ে,Participle,404_f,cntx_404
খাইয়েছ,Present,2nd_f,cntx_prt
খাইয়েছি,Present,1st,cntx_prt
খাইয়েছিল,Past,3rd_f,cntx_pst
খাইয়েছিলাম,Past,1st,cntx_pst
খাইয়েছিলি,Past,2nd_i,cntx_pst
খাইয়েছিলুম,Past,1st,cntx_pst
খাইয়েছিলে,Past,2nd_f,cntx_pst
খাইয়েছিলেন,Past,pol_f,cntx_pst
খাইয়েছিলেম,Past,1st,cntx_pst
খাইয়েছিস,Present,2nd_i,cntx_prt
খাইয়েছে,Present,3rd_f,cntx_prt
খাইয়েছেন,Present,pol_f,cntx_prt
খাইয়ো,Present,2nd_f,cntx_prt
খাইল,Past,3rd_f,cntx_pst
খাইলাম,Past,1st,cntx_pst
খাইলি,Past,2nd_i,cntx_pst
খাইলে,Past,2nd_f,cntx_pst
খাইলেন,Past,pol_f,cntx_pst
খাও,Present,2nd_f,cntx_prt
খাওয়া,Base,pos_f,cntx_alt
খাওয়াই,Present,1st,cntx_prt
খাওয়াইও,Present,2nd_f,cntx_prt
খাওয়াইত,Past,3rd_f,cntx_pst
খাওয়াইতাম,Past,1st,cntx_pst
খাওয়াইতিস,Past,2nd_i,cntx_pst
খাওয়াইতে,Past,2nd_f,cntx_pst
খাওয়াইতেছ,Present,2nd_f,cntx_prt
খাওয়াইতেছি,Present,1st,cntx_prt
খাওয়াইতেছিল,Past,3rd_f,cntx_pst
খাওয়াইতেছিলাম,Past,1st,cntx_pst
খাওয়াইতেছিলি,Past,2nd_i,cntx_pst
খাওয়াইতেছিলে,Past,2nd_f,cntx_pst
খাওয়াইতেছিলেন,Past,pol_f,cntx_pst
খাওয়াইতেছিস,Present,2nd_i,cntx_prt
খাওয়াইতেছে,Present,3rd_f,cntx_prt
খাওয়াইতেছেন,Present,pol_f,cntx_prt
খাওয়াইতেন,Past,pol_f,cntx_pst
খাওয়াইব,Future,1st,cntx_fut
খাওয়াইবার,Present,404_f,cntx_404
খাওয়াইবি,Future,2nd_i,cntx_fut
খাওয়াইবে,Future,2nd_f,cntx_fut
খাওয়াইবেন,Future,pol_f,cntx_fut
খাওয়াইয়া,Participle,404_f,cntx_404
খাওয়াইয়াছ,Present,2nd_f,cntx_prt
খাওয়াইয়াছি,Present,1st,cntx_prt
খাওয়াইয়াছিল,Past,3rd_f,cntx_pst
খাওয়াইয়াছিলাম,Past,1st,cntx_pst
খাওয়াইয়াছিলি,Past,2nd_i,cntx_pst
খাওয়াইয়াছিলে,Past,2nd_f,cntx_pst
খাওয়াইয়াছিলেন,Past,pol_f,cntx_pst
খাওয়াইয়াছিস,Present,2nd_i,cntx_prt
খাওয়াইয়াছে,Present,3rd_f,cntx_prt
খাওয়াইয়াছেন,Present,pol_f,cntx_prt
খাওয়াইয়ো,Present,2nd_f,cntx_prt
খাওয়াইল,Past,3rd_f,cntx_pst
খাওয়াইলাম,Past,1st,cntx_pst
খাওয়াইলি,Past,2nd_i,cntx_pst
খাওয়াইলে,Past,2nd_f,cntx_pst
খাওয়াইলেন,Past,pol_f,cntx_pst
খাওয়াও,Present,2nd_f,cntx_prt
খাওয়াক,Present,3rd_f,cntx_prt
খাওয়াচ্ছ,Present,2nd_f,cntx_prt
খাওয়াচ্ছি,Present,1st,cntx_prt
খাওয়াচ্ছিল,Past,3rd_f,cntx_pst
খাওয়াচ্ছিলাম,Past,1st,cntx_pst
খাওয়াচ্ছিলি,Past,2nd_i,cntx_pst
খাওয়াচ্ছিলুম,Past,1st,cntx_pst
খাওয়াচ্ছিলে,Past,2nd_f,cntx_pst
খাওয়াচ্ছিলেন,Past,pol_f,cntx_pst
খাওয়াচ্ছিলেম,Past,1st,cntx_pst
খাওয়াচ্ছিস,Present,2nd_i,cntx_prt
খাওয়াচ্ছে,Present,3rd_f,cntx_prt
খাওয়াচ্ছেন,Present,pol_f,cntx_prt
খাওয়াত,Past,3rd_f,cntx_pst
খাওয়াতাম,Past,1st,cntx_pst
খাওয়াতিস,Past,2nd_i,cntx_pst
খাওয়াতুম,Past,1st,cntx_pst
খাওয়াতে,Past,2nd_f,cntx_pst
খাওয়াতেন,Past,pol_f,cntx_pst
খাওয়াতেম,Past,1st,cntx_pst
খাওয়ান,Present,pol_f,cntx_prt
খাওয়ানো,Present,obj_f,cntx_alt
খাওয়াব,Future,1st,cntx_fut
খাওয়াবার,Present,404_f,cntx_404
খাওয়াবি,Future,2nd_i,cntx_fut
খাওয়াবে,Future,2nd_f,cntx_fut
খাওয়াবেন,Future,pol_f,cntx_fut
খাওয়াবো,Future,1st,cntx_fut
খাওয়ায়,Present,3rd_f,cntx_prt
খাওয়াল,Past,3rd_f,cntx_pst
খাওয়ালাম,Past,1st,cntx_pst
খাওয়ালি,Past,2nd_i,cntx_pst
খাওয়ালুম,Past,1st,cntx_pst
খাওয়ালে,Past,2nd_f,cntx_pst
খাওয়ালেন,Past,pol_f,cntx_pst
খাওয়ালেম,Past,1st,cntx_pst
খাওয়াস,Present,2nd_i,cntx_prt
খাক,Present,3rd_f,cntx_prt
খাচ্ছ,Present,2nd_f,cntx_prt
খাচ্ছি,Present,1st,cntx_prt
খাচ্ছিল,Past,3rd_f,cntx_pst
খাচ্ছিলাম,Past,1st,cntx_pst
খাচ্ছিলি,Past,2nd_i,cntx_pst
খাচ্ছিলুম,Past,1st,cntx_pst
খাচ্ছিলে,Past,2nd_f,cntx_pst
খাচ্ছিলেন,Past,pol_f,cntx_pst
খাচ্ছিলেম,Past,1st,cntx_pst
খাচ্ছিস,Present,2nd_i,cntx_prt
খাচ্ছে,Present,3rd_f,cntx_prt
খাচ্ছেন,Present,pol_f,cntx_prt
গাই,Present,1st,cntx_prt
গাইও,Present,2nd_f,cntx_prt
গাইছ,Present,2nd_f,cntx_prt
গাইছি,Present,1st,cntx_prt
গাইছিল,Past,3rd_f,cntx_pst
গাইছিলাম,Past,1st,cntx_pst
গাইছিলি,Past,2nd_i,cntx_pst
গাইছিলুম,Past,1st,cntx_pst
গাইছিলে,Past,2nd_f,cntx_pst
গাইছিলেন,Past,pol_f,cntx_pst
গাইছিলেম,Past,1st,cntx_pst
গাইছিস,Present,2nd_i,cntx_prt
গাইছে,Present,3rd_f,cntx_prt
গাইছেন,Present,pol_f,cntx_prt
গাইত,Past,3rd_f,cntx_pst
গাইতাম,Past,1st,cntx_pst
গাইতিস,Past,2nd_i,cntx_pst
গাইতুম,Past,1st,cntx_pst
গাইতে,Past,2nd_f,cntx_pst
গাইতেছিল,Past,3rd_f,cntx_pst
গাইতেছিলাম,Past,1st,cntx_pst
গাইতেছিলি,Past,2nd_i,cntx_pst
গাইতেছিলুম,Past,1st,cntx_pst
গাইতেছিলে,Past,2nd_f,cntx_pst
গাইতেছিলেন,Past,pol_f,cntx_pst
গাইতেছিলেম,Past,1st,cntx_pst
গাইতেন,Past,pol_f,cntx_pst
গাইতেম,Past,1st,cntx_pst
গাইব,Future,1st,cntx_fut
গাইবার,Present,404_f,cntx_404
গাইবি,Future,2nd_i,cntx_fut
গাইবে,Future,2nd_f,cntx_fut
গাইবেন,Future,pol_f,cntx_fut
গাইবো,Future,1st,cntx_fut
গাইয়ে,Participle,404_f,cntx_404
গাইয়েছ,Present,2nd_f,cntx_prt
গাইয়েছি,Present,1st,cntx_prt
গাইয়েছিল,Past,3rd_f,cntx_pst
গাইয়েছিলাম,Past,1st,cntx_pst
গাইয়েছিলি,Past,2nd_i,cntx_pst
গাইয়েছিলুম,Past,1st,cntx_pst
গাইয়েছিলে,Past,2nd_f,cntx_pst
গাইয়েছিলেন,Past,pol_f,cntx_pst
গাইয়েছিলেম,Past,1st,cntx_pst
গাইয়েছিস,Present,2nd_i,cntx_prt
গাইয়েছে,Present,3rd_f,cntx_prt
গাইয়েছেন,Present,pol_f,cntx_prt
গাইয়ো,Present,2nd_f,cntx_prt
গাইল,Past,3rd_f,cntx_pst
গাইলাম,Past,1st,cntx_pst
গাইলি,Past,2nd_i,cntx_pst
গাইলুম,Past,1st,cntx_pst
গাইলে,Past,2nd_f,cntx_pst
গাইলেন,Past,pol_f,cntx_pst
গাইলেম,Past,1st,cntx_pst
গাও,Present,2nd_f,cntx_prt
গাওয়া,Base,pos_f,cntx_alt
গাওয়াই,Present,1st,cntx_prt
গাওয়াও,Present,2nd_f,cntx_prt
গাওয়াক,Present,3rd_f,cntx_prt
গাওয়াচ্ছ,Present,2nd_f,cntx_prt
গাওয়াচ্ছি,Present,1st,cntx_prt
গাওয়াচ্ছিল,Past,3rd_f,cntx_pst
গাওয়াচ্ছিলাম,Past,1st,cntx_pst
গাওয়াচ্ছিলি,Past,2nd_i,cntx_pst
গাওয়াচ্ছিলুম,Past,1st,cntx_pst
গাওয়াচ্ছিলে,Past,2nd_f,cntx_pst
গাওয়াচ্ছিলেন,Past,pol_f,cntx_pst
গাওয়াচ্ছিলেম,Past,1st,cntx_pst
গাওয়াচ্ছিস,Present,2nd_i,cntx_prt
গাওয়াচ্ছে,Present,3rd_f,cntx_prt
গাওয়াচ্ছেন,Present,pol_f,cntx_prt
গাওয়াত,Past,3rd_f,cntx_pst
গাওয়াতাম,Past,1st,cntx_pst
গাওয়াতিস,Past,2nd_i,cntx_pst
গাওয়াতুম,Past,1st,cntx_pst
গাওয়াতে,Past,2nd_f,cntx_pst
গাওয়াতেন,Past,pol_f,cntx_pst
গাওয়াতেম,Past,1st,cntx_pst
গাওয়ান,Present,pol_f,cntx_prt
গাওয়ানো,Present,obj_f,cntx_alt
গাওয়াব,Future,1st,cntx_fut
গাওয়াবার,Present,404_f,cntx_404
গাওয়াবি,Future,2nd_i,cntx_fut
গাওয়াবে,Future,2nd_f,cntx_fut
গাওয়াবেন,Future,pol_f,cntx_fut
গাওয়াবো,Future,1st,cntx_fut
গাওয়ায়,Present,3rd_f,cntx_prt
গাওয়ার,Present,404_f,cntx_404
গাওয়াল,Past,3rd_f,cntx_pst
গাওয়ালাম,Past,1st,cntx_pst
গাওয়ালি,Past,2nd_i,cntx_pst
গাওয়ালুম,Past,1st,cntx_pst
গাওয়ালে,Past,2nd_f,cntx_pst
গাওয়ালেন,Past,pol_f,cntx_pst
গাওয়ালেম,Past,1st,cntx_pst
গাওয়াস,Present,2nd_i,cntx_prt
গাক,Present,3rd_f,cntx_prt
গাচ্ছিল,Past,3rd_f,cntx_pst
গাচ্ছিলাম,Past,1st,cntx_pst
গাচ্ছিলি,Past,2nd_i,cntx_pst
গাচ্ছিলুম,Past,1st,cntx_pst
গাচ্ছিলে,Past,2nd_f,cntx_pst
গাচ্ছিলেন,Past,pol_f,cntx_pst
গাচ্ছিলেম,Past,1st,cntx_pst
চল,Root,2nd_i,cntx_prt
চলা,Base,pos_f,cntx_alt
চলান,Present,pol_f,cntx_prt
চলানো,Present,obj_f,cntx_alt
চলার,Present,404_f,cntx_404
চলি,Past,2nd_i,cntx_pst
চলিও,Present,2nd_f,cntx_prt
চলিত,Past,3rd_f,cntx_pst
চলিতাম,Past,1st,cntx_pst
চলিতিস,Past,2nd_i,cntx_pst
চলিতে,Past,2nd_f,cntx_pst
চলিতেছ,Present,2nd_f,cntx_prt
চলিতেছি,Present,1st,cntx_prt
চলিতেছিল,Past,3rd_f,cntx_pst
চলিতেছিলাম,Past,1st,cntx_pst
চলিতেছিলি,Past,2nd_i,cntx_pst
চলিতেছিলে,Past,2nd_f,cntx_pst
চলিতেছিলেন,Past,pol_f,cntx_pst
চলিতেছিস,Present,2nd_i,cntx_prt
চলিতেছে,Present,3rd_f,cntx_prt
চলিতেছেন,Present,pol_f,cntx_prt
চলিতেন,Past,pol_f,cntx_pst
চলিব,Future,1st,cntx_fut
চলিবার,Present,404_f,cntx_404
চলিবি,Future,2nd_i,cntx_fut
চলিবে,Future,2nd_f,cntx_fut
চলিবেন,Future,pol_f,cntx_fut
চলিয়া,Participle,404_f,cntx_404
চলিয়াছ,Present,2nd_f,cntx_prt
চলিয়াছি,Present,1st,cntx_prt
চলিয়াছিল,Past,3rd_f,cntx_pst
চলিয়াছিলাম,Past,1st,cntx_pst
চলিয়াছিলি,Past,2nd_i,cntx_pst
চলিয়াছিলে,Past,2nd_f,cntx_pst
চলিয়াছিলেন,Past,pol_f,cntx_pst
চলিয়াছিস,Present,2nd_i,cntx_prt
চলিয়াছে,Present,3rd_f,cntx_prt
চলিয়াছেন,Present,pol_f,cntx_prt
চলিয়ো,Present,2nd_f,cntx_prt
চলিল,Past,3rd_f,cntx_pst
চলিলাম,Past,1st,cntx_pst
চলিলি,Past,2nd_i,cntx_pst
চলিলে,Past,2nd_f,cntx_pst
চলিলেন,Past,pol_f,cntx_pst
চলিস,Present,2nd_i,cntx_prt
চলুক,Present,3rd_f,cntx_prt
চলুন,Present,pol_f,cntx_prt
চলে,Past,2nd_f,cntx_pst
চলেছ,Present,2nd_f,cntx_prt
চলেছি,Present,1st,cntx_prt
চলেছিল,Past,3rd_f,cntx_pst
চলেছিলাম,Past,1st,cntx_pst
চলেছিলি,Past,2nd_i,cntx_pst
চলেছিলুম,Past,1st,cntx_pst
চলেছিলে,Past,2nd_f,cntx_pst
চলেছিলেন,Past,pol_f,cntx_pst
চলেছিলেম,Past,1st,cntx_pst
চলেছিস,Present,2nd_i,cntx_prt
চলেছে,Present,3rd_f,cntx_prt
চলেছেন,Present,pol_f,cntx_prt
চলেন,Past,pol_f,cntx_pst
চলো,Present,2nd_f,cntx_prt
চাই,Present,1st,cntx_prt
চাইছ,Present,2nd_f,cntx_prt
চাইছি,Present,1st,cntx_prt
চাইছিল,Past,3rd_f,cntx_pst
চাইছিলাম,Past,1st,cntx_pst
চাইছিলি,Past,2nd_i,cntx_pst
চাইছিলুম,Past,1st,cntx_pst
চাইছিলে,Past,2nd_f,cntx_pst
চাইছিলেন,Past,pol_f,cntx_pst
চাইছিলেম,Past,1st,cntx_pst
চাইছিস,Present,2nd_i,cntx_prt
চাইছে,Present,3rd_f,cntx_prt
চাইছেন,Present,pol_f,cntx_prt
চাইত,Past,3rd_f,cntx_pst
চাইতাম,Past,1st,cntx_pst
চাইতিস,Past,2nd_i,cntx_pst
চাইতুম,Past,1st,cntx_pst
চাইতে,Past,2nd_f,cntx_pst
চাইতেছিল,Past,3rd_f,cntx_pst
চাইতেছিলাম,Past,1st,cntx_pst
চাইতেছিলি,Past,2nd_i,cntx_pst
চাইতেছিলুম,Past,1st,cntx_pst
চাইতেছিলে,Past,2nd_f,cntx_pst
চাইতেছিলেন,Past,pol_f,cntx_pst
চাইতেছিলেম,Past,1st,cntx_pst
চাইতেন,Past,pol_f,cntx_pst
চাইতেম,Past,1st,cntx_pst
চাইব,Future,1st,cntx_fut
চাইবার,Present,404_f,cntx_404
চাইবি,Future,2nd_i,cntx_fut
চাইবে,Future,2nd_f,cntx_fut
চাইবেন,Future,pol_f,cntx_fut
চাইবো,Future,1st,cntx_fut
চাইল,Past,3rd_f,cntx_pst
চাইলাম,Past,1st,cntx_pst
চাইলি,Past,2nd_i,cntx_pst
চাইলুম,Past,1st,cntx_pst
চাইলে,Past,2nd_f,cntx_pst
চাইলেন,Past,pol_f,cntx_pst
চাইলেম,Past,1st,cntx_pst
চাও,Present,2nd_f,cntx_prt
চাওয়া,Base,pos_f,cntx_alt
চাওয়ান,Present,pol_f,cntx_prt
চাওয়ানো,Present,obj_f,cntx_alt
চাওয়ার,Present,404_f,cntx_404
ডাকা,Base,pos_f,cntx_alt
ডাকাই,Present,1st,cntx_prt
ডাকাইও,Present,2nd_f,cntx_prt
ডাকাইত,Past,3rd_f,cntx_pst
ডাকাইতাম,Past,1st,cntx_pst
ডাকাইতিস,Past,2nd_i,cntx_pst
ডাকাইতে,Past,2nd_f,cntx_pst
ডাকাইতেছ,Present,2nd_f,cntx_prt
ডাকাইতেছি,Present,1st,cntx_prt
ডাকাইতেছিল,Past,3rd_f,cntx_pst
ডাকাইতেছিলাম,Past,1st,cntx_pst
ডাকাইতেছিলি,Past,2nd_i,cntx_pst
ডাকাইতেছিলে,Past,2nd_f,cntx_pst
ডাকাইতেছিলেন,Past,pol_f,cntx_pst
ডাকাইতেছিস,Present,2nd_i,cntx_prt
ডাকাইতেছে,Present,3rd_f,cntx_prt
ডাকাইতেছেন,Present,pol_f,cntx_prt
ডাকাইতেন,Past,pol_f,cntx_pst
ডাকাইব,Future,1st,cntx_fut
ডাকাইবার,Present,404_f,cntx_404
ডাকাইবি,Future,2nd_i,cntx_fut
ডাকাইবে,Future,2nd_f,cntx_fut
ডাকাইবেন,Future,pol_f,cntx_fut
ডাকাইয়া,Participle,404_f,cntx_404
ডাকাইয়াছ,Present,2nd_f,cntx_prt
ডাকাইয়াছি,Present,1st,cntx_prt
ডাকাইয়াছিল,Past,3rd_f,cntx_pst
ডাকাইয়াছিলাম,Past,1st,cntx_pst
ডাকাইয়াছিলি,Past,2nd_i,cntx_pst
ডাকাইয়াছিলে,Past,2nd_f,cntx_pst
ডাকাইয়াছিলেন,Past,pol_f,cntx_pst
ডাকাইয়াছিস,Present,2nd_i,cntx_prt
ডাকাইয়াছে,Present,3rd_f,cntx_prt
ডাকাইয়াছেন,Present,pol_f,cntx_prt
ডাকাইয়ো,Present,2nd_f,cntx_prt
ডাকাইল,Past,3rd_f,cntx_pst
ডাকাইলাম,Past,1st,cntx_pst
ডাকাইলি,Past,2nd_i,cntx_pst
ডাকাইলে,Past,2nd_f,cntx_pst
ডাকাইলেন,Past,pol_f,cntx_pst
ডাকাও,Present,2nd_f,cntx_prt
ডাকাক,Present,3rd_f,cntx_prt
ডাকাচ্ছ,Present,2nd_f,cntx_prt
ডাকাচ্ছি,Present,1st,cntx_prt
ডাকাচ্ছিল,Past,3rd_f,cntx_pst
ডাকাচ্ছিলাম,Past,1st,cntx_pst
ডাকাচ্ছিলি,Past,2nd_i,cntx_pst
ডাকাচ্ছিলুম,Past,1st,cntx_pst
ডাকাচ্ছিলে,Past,2nd_f,cntx_pst
ডাকাচ্ছিলেন,Past,pol_f,cntx_pst
ডাকাচ্ছিলেম,Past,1st,cntx_pst
ডাকাচ্ছিস,Present,2nd_i,cntx_prt
ডাকাচ্ছে,Present,3rd_f,cntx_prt
ডাকাচ্ছেন,Present,pol_f,cntx_prt
ডাকাত,Past,3rd_f,cntx_pst
ডাকাতাম,Past,1st,cntx_pst
ডাকাতিস,Past,2nd_i,cntx_pst
ডাকাতুম,Past,1st,cntx_pst
ডাকাতে,Past,2nd_f,cntx_pst
ডাকাতেন,Past,pol_f,cntx_pst
ডাকাতেম,Past,1st,cntx_pst
ডাকান,Present,pol_f,cntx_prt
ডাকানো,Present,obj_f,cntx_alt
ডাকাব,Future,1st,cntx_fut
ডাকাবার,Present,404_f,cntx_404
ডাকাবি,Future,2nd_i,cntx_fut
ডাকাবে,Future,2nd_f,cntx_fut
ডাকাবেন,Future,pol_f,cntx_fut
ডাকাবো,Future,1st,cntx_fut
ডাকায়,Present,3rd_f,cntx_prt
ডাকার,Present,404_f,cntx_404
ডাকাল,Past,3rd_f,cntx_pst
ডাকালাম,Past,1st,cntx_pst
ডাকালি,Past,2nd_i,cntx_pst
ডাকালুম,Past,1st,cntx_pst
ডাকালে,Past,2nd_f,cntx_pst
ডাকালেন,Past,pol_f,cntx_pst
ডাকালেম,Past,1st,cntx_pst
ডাকাস,Present,2nd_i,cntx_prt
ডাকি,Present,1st,cntx_prt
ডাকিও,Present,2nd_f,cntx_prt
ডাকিত,Past,3rd_f,cntx_pst
ডাকিতাম,Past,1st,cntx_pst
ডাকিতিস,Past,2nd_i,cntx_pst
ডাকিতে,Past,2nd_f,cntx_pst
ডাকিতেছ,Present,2nd_f,cntx_prt
ডাকিতেছি,Present,1st,cntx_prt
ডাকিতেছিল,Past,3rd_f,cntx_pst
ডাকিতেছিলাম,Past,1st,cntx_pst
ডাকিতেছিলি,Past,2nd_i,cntx_pst
ডাকিতেছিলে,Past,2nd_f,cntx_pst
ডাকিতেছিলেন,Past,pol_f,cntx_pst
ডাকিতেছিস,Present,2nd_i,cntx_prt
ডাকিতেছে,Present,3rd_f,cntx_prt
ডাকিতেছেন,Present,pol_f,cntx_prt
ডাকিতেন,Past,pol_f,cntx_pst
ডাকিব,Future,1st,cntx_fut
ডাকিবার,Present,404_f,cntx_404
ডাকিবি,Future,2nd_i,cntx_fut
ডাকিবে,Future,2nd_f,cntx_fut
ডাকিবেন,Future,pol_f,cntx_fut
ডাকিয়া,Participle,404_f,cntx_404
ডাকিয়াছ,Present,2nd_f,cntx_prt
ডাকিয়াছি,Present,1st,cntx_prt
ডাকিয়াছিল,Past,3rd_f,cntx_pst
ডাকিয়াছিলাম,Past,1st,cntx_pst
ডাকিয়াছিলি,Past,2nd_i,cntx_pst
ডাকিয়াছিলে,Past,2nd_f,cntx_pst
ডাকিয়াছিলেন,Past,pol_f,cntx_pst
ডাকিয়াছিস,Present,2nd_i,cntx_prt
ডাকিয়াছে,Present,3rd_f,cntx_prt
ডাকিয়াছেন,Present,pol_f,cntx_prt
ডাকিয়ে,Participle,404_f,cntx_404
ডাকিয়েছ,Present,2nd_f,cntx_prt
ডাকিয়েছি,Present,1st,cntx_prt
ডাকিয়েছিল,Past,3rd_f,cntx_pst
ডাকিয়েছিলাম,Past,1st,cntx_pst
ডাকিয়েছিলি,Past,2nd_i,cntx_pst
ডাকিয়েছিলুম,Past,1st,cntx_pst
ডাকিয়েছিলে,Past,2nd_f,cntx_pst
ডাকিয়েছিলেন,Past,pol_f,cntx_pst
ডাকিয়েছিলেম,Past,1st,cntx_pst
ডাকিয়েছিস,Present,2nd_i,cntx_prt
ডাকিয়েছে,Present,3rd_f,cntx_prt
ডাকিয়েছেন,Present,pol_f,cntx_prt
ডাকিয়ো,Present,2nd_f,cntx_prt
ডাকিল,Past,3rd_f,cntx_pst
ডাকিলাম,Past,1st,cntx_pst
ডাকিলি,Past,2nd_i,cntx_pst
ডাকিলে,Past,2nd_f,cntx_pst
ডাকিলেন,Past,pol_f,cntx_pst
ডাকিস,Present,2nd_i,cntx_prt
ডাকুক,Present,3rd_f,cntx_prt
ডাকুন,Present,pol_f,cntx_prt
ডাকে,Present,3rd_f,cntx_prt
ডাকেন,Present,pol_f,cntx_prt
ডাকছ,Present,2nd_f,cntx_prt
ডাকছি,Present,1st,cntx_prt
ডাকছিল,Past,3rd_f,cntx_pst
ডাকছিলাম,Past,1st,cntx_pst
ডাকছিলি,Past,2nd_i,cntx_pst
ডাকছিলুম,Past,1st,cntx_pst
ডাকছিলে,Past,2nd_f,cntx_pst
ডাকছিলেন,Past,pol_f,cntx_pst
ডাকছিলেম,Past,1st,cntx_pst
ডাকছিস,Present,2nd_i,cntx_prt
ডাকছে,Present,3rd_f,cntx_prt
ডাকছেন,Present,pol_f,cntx_prt
ডাকত,Past,3rd_f,cntx_pst
ডাকতাম,Past,1st,cntx_pst
ডাকতিস,Past,2nd_i,cntx_pst
ডাকতুম,Past,1st,cntx_pst
ডাকতে,Past,2nd_f,cntx_pst
ডাকতেন,Past,pol_f,cntx_pst
ডাকতেম,Past,1st,cntx_pst
ডাকব,Future,1st,cntx_fut
ডাকবার,Present,404_f,cntx_404
ডাকবি,Future,2nd_i,cntx_fut
ডাকবে,Future,2nd_f,cntx_fut
ডাকবেন,Future,pol_f,cntx_fut
ডাকবো,Future,1st,cntx_fut
ডাকল,Past,3rd_f,cntx_pst
ডাকলাম,Past,1st,cntx_pst
ডাকলি,Past,2nd_i,cntx_pst
ডাকলুম,Past,1st,cntx_pst
ডাকলে,Past,2nd_f,cntx_pst
ডাকলেন,Past,pol_f,cntx_pst
ডাকলেম,Past,1st,cntx_pst
ঢোক,Root,2nd_i,cntx_prt
ঢোকা,Base,pos_f,cntx_alt
ঢোকাই,Present,1st,cntx_prt
ঢোকাও,Present,2nd_f,cntx_prt
ঢোকাক,Present,3rd_f,cntx_prt
ঢোকাচ্ছ,Present,2nd_f,cntx_prt
ঢোকাচ্ছি,Present,1st,cntx_prt
ঢোকাচ্ছিল,Past,3rd_f,cntx_pst
ঢোকাচ্ছিলাম,Past,1st,cntx_pst
ঢোকাচ্ছিলি,Past,2nd_i,cntx_pst
ঢোকাচ্ছিলুম,Past,1st,cntx_pst
ঢোকাচ্ছিলে,Past,2nd_f,cntx_pst
ঢোকাচ্ছিলেন,Past,pol_f,cntx_pst
ঢোকাচ্ছিলেম,Past,1st,cntx_pst
ঢোকাচ্ছিস,Present,2nd_i,cntx_prt
ঢোকাচ্ছে,Present,3rd_f,cntx_prt
ঢোকাচ্ছেন,Present,pol_f,cntx_prt
ঢোকাত,Past,3rd_f,cntx_pst
ঢোকাতাম,Past,1st,cntx_pst
ঢোকাতিস,Past,2nd_i,cntx_pst
ঢোকাতুম,Past,1st,cntx_pst
ঢোকাতে,Past,2nd_f,cntx_pst
ঢোকাতেন,Past,pol_f,cntx_pst
ঢোকাতেম,Past,1st,cntx_pst
ঢোকান,Present,pol_f,cntx_prt
ঢোকানো,Present,obj_f,cntx_alt
ঢোকাব,Future,1st,cntx_fut
ঢোকাবার,Present,404_f,cntx_404
ঢোকাবি,Future,2nd_i,cntx_fut
ঢোকাবে,Future,2nd_f,cntx_fut
ঢোকাবেন,Future,pol_f,cntx_fut
ঢোকাবো,Future,1st,cntx_fut
ঢোকায়,Present,3rd_f,cntx_prt
ঢোকার,Present,404_f,cntx_404
ঢোকাল,Past,3rd_f,cntx_pst
ঢোকালাম,Past,1st,cntx_pst
ঢোকালি,Past,2nd_i,cntx_pst
ঢোকালুম,Past,1st,cntx_pst
ঢোকালে,Past,2nd_f,cntx_pst
ঢোকালেন,Past,pol_f,cntx_pst
ঢোকালেম,Past,1st,cntx_pst
ঢোকাস,Present,2nd_i,cntx_prt
ঢোকে,Present,3rd_f,cntx_prt
ঢোকেন,Present,pol_f,cntx_prt
ঢোকবার,Present,404_f,cntx_404
থাকা,Base,pos_f,cntx_alt
থাকানো,Present,obj_f,cntx_alt
থাকার,Present,404_f,cntx_404
থাকি,Present,1st,cntx_prt
থাকিও,Present,2nd_f,cntx_prt
থাকিত,Past,3rd_f,cntx_pst
থাকিতাম,Past,1st,cntx_pst
থাকিতিস,Past,2nd_i,cntx_pst
থাকিতে,Past,2nd_f,cntx_pst
থাকিতেছ,Present,2nd_f,cntx_prt
থাকিতেছি,Present,1st,cntx_prt
থাকিতেছিল,Past,3rd_f,cntx_pst
থাকিতেছিলাম,Past,1st,cntx_pst
থাকিতেছিলি,Past,2nd_i,cntx_pst
থাকিতেছিলে,Past,2nd_f,cntx_pst
থাকিতেছিলেন,Past,pol_f,cntx_pst
থাকিতেছিস,Present,2nd_i,cntx_prt
থাকিতেছে,Present,3rd_f,cntx_prt
থাকিতেছেন,Present,pol_f,cntx_prt
থাকিতেন,Past,pol_f,cntx_pst
থাকিব,Future,1st,cntx_fut
থাকিবার,Present,404_f,cntx_404
থাকিবি,Future,2nd_i,cntx_fut
থাকিবে,Future,2nd_f,cntx_fut
থাকিবেন,Future,pol_f,cntx_fut
থাকিয়া,Participle,404_f,cntx_404
থাকিয়াছ,Present,2nd_f,cntx_prt
থাকিয়াছি,Present,1st,cntx_prt
থাকিয়াছিল,Past,3rd_f,cntx_pst
থাকিয়াছিলাম,Past,1st,cntx_pst
থাকিয়াছিলি,Past,2nd_i,cntx_pst
থাকিয়াছিলে,Past,2nd_f,cntx_pst
থাকিয়াছিলেন,Past,pol_f,cntx_pst
থাকিয়াছিস,Present,2nd_i,cntx_prt
থাকিয়াছে,Present,3rd_f,cntx_prt
থাকিয়াছেন,Present,pol_f,cntx_prt
থাকিয়ো,Present,2nd_f,cntx_prt
থাকিল,Past,3rd_f,cntx_pst
থাকিলাম,Past,1st,cntx_pst
থাকিলি,Past,2nd_i,cntx_pst
থাকিলে,Past,2nd_f,cntx_pst
থাকিলেন,Past,pol_f,cntx_pst
থাকিস,Present,2nd_i,cntx_prt
থাকুক,Present,3rd_f,cntx_prt
থাকুন,Present,pol_f,cntx_prt
থাকে,Present,3rd_f,cntx_prt
থাকেন,Present,pol_f,cntx_prt
থাকছ,Present,2nd_f,cntx_prt
থাকছি,Present,1st,cntx_prt
থাকছিল,Past,3rd_f,cntx_pst
থাকছিলাম,Past,1st,cntx_pst
থাকছিলি,Past,2nd_i,cntx_pst
থাকছিলুম,Past,1st,cntx_pst
থাকছিলে,Past,2nd_f,cntx_pst
থাকছিলেন,Past,pol_f,cntx_pst
থাকছিলেম,Past,1st,cntx_pst
থাকছিস,Present,2nd_i,cntx_prt
থাকছে,Present,3rd_f,cntx_prt
থাকছেন,Present,pol_f,cntx_prt
দেখ,Root,2nd_i,cntx_prt
দেখা,Base,pos_f,cntx_alt
দেখাই,Present,1st,cntx_prt
দেখাইও,Present,2nd_f,cntx_prt
দেখাইত,Past,3rd_f,cntx_pst
দেখাইতাম,Past,1st,cntx_pst
দেখাইতিস,Past,2nd_i,cntx_pst
দেখাইতে,Past,2nd_f,cntx_pst
দেখাইতেছ,Present,2nd_f,cntx_prt
দেখাইতেছি,Present,1st,cntx_prt
দেখাইতেছিল,Past,3rd_f,cntx_pst
দেখাইতেছিলাম,Past,1st,cntx_pst
দেখাইতেছিলি,Past,2nd_i,cntx_pst
দেখাইতেছিলে,Past,2nd_f,cntx_pst
দেখাইতেছিলেন,Past,pol_f,cntx_pst
দেখাইতেছিস,Present,2nd_i,cntx_prt
দেখাইতেছে,Present,3rd_f,cntx_prt
দেখাইতেছেন,Present,pol_f,cntx_prt
দেখাইতেন,Past,pol_f,cntx_pst
দেখাইব,Future,1st,cntx_fut
দেখাইবার,Present,404_f,cntx_404
দেখাইবি,Future,2nd_i,cntx_fut
দেখাইবে,Future,2nd_f,cntx_fut
দেখাইবেন,Future,pol_f,cntx_fut
দেখাইয়া,Participle,404_f,cntx_404
দেখাইয়াছ,Present,2nd_f,cntx_prt
দেখাইয়াছি,Present,1st,cntx_prt
দেখাইয়াছিল,Past,3rd_f,cntx_pst
দেখাইয়াছিলাম,Past,1st,cntx_pst
দেখাইয়াছিলি,Past,2nd_i,cntx_pst
দেখাইয়াছিলে,Past,2nd_f,cntx_pst
দেখাইয়াছিলেন,Past,pol_f,cntx_pst
দেখাইয়াছিস,Present,2nd_i,cntx_prt
দেখাইয়াছে,Present,3rd_f,cntx_prt
দেখাইয়াছেন,Present,pol_f,cntx_prt
দেখাইয়ো,Present,2nd_f,cntx_prt
দেখাইল,Past,3rd_f,cntx_pst
দেখাইলাম,Past,1st,cntx_pst
দেখাইলি,Past,2nd_i,cntx_pst
দেখাইলে,Past,2nd_f,cntx_pst
দেখাইলেন,Past,pol_f,cntx_pst
দেখাও,Present,2nd_f,cntx_prt
দেখাক,Present,3rd_f,cntx_prt
দেখাচ্ছ,Present,2nd_f,cntx_prt
দেখাচ্ছি,Present,1st,cntx_prt
দেখাচ্ছিল,Past,3rd_f,cntx_pst
দেখাচ্ছিলাম,Past,1st,cntx_pst
দেখাচ্ছিলি,Past,2nd_i,cntx_pst
দেখাচ্ছিলুম,Past,1st,cntx_pst
দেখাচ্ছিলে,Past,2nd_f,cntx_pst
দেখাচ্ছিলেন,Past,pol_f,cntx_pst
দেখাচ্ছিলেম,Past,1st,cntx_pst
দেখাচ্ছিস,Present,2nd_i,cntx_prt
দেখাচ্ছে,Present,3rd_f,cntx_prt
দেখাচ্ছেন,Present,pol_f,cntx_prt
দেখাত,Past,3rd_f,cntx_pst
দেখাতাম,Past,1st,cntx_pst
দেখাতিস,Past,2nd_i,cntx_pst
দেখাতুম,Past,1st,cntx_pst
দেখাতে,Past,2nd_f,cntx_pst
দেখাতেন,Past,pol_f,cntx_pst
দেখাতেম,Past,1st,cntx_pst
দেখান,Present,pol_f,cntx_prt
দেখানো,Present,obj_f,cntx_alt
দেখাব,Future,1st,cntx_fut
দেখাবার,Present,404_f,cntx_404
দেখাবি,Future,2nd_i,cntx_fut
দেখাবে,Future,2nd_f,cntx_fut
দেখাবেন,Future,pol_f,cntx_fut
দেখাবো,Future,1st,cntx_fut
দেখায়,Present,3rd_f,cntx_prt
দেখার,Present,404_f,cntx_404
দেখাল,Past,3rd_f,cntx_pst
দেখালাম,Past,1st,cntx_pst
দেখালি,Past,2nd_i,cntx_pst
দেখালুম,Past,1st,cntx_pst
দেখালে,Past,2nd_f,cntx_pst
দেখালেন,Past,pol_f,cntx_pst
দেখালেম,Past,1st,cntx_pst
দেখাস,Present,2nd_i,cntx_prt
দেখি,Present,1st,cntx_prt
দেখিও,Present,2nd_f,cntx_prt
দেখিত,Past,3rd_f,cntx_pst
দেখিতাম,Past,1st,cntx_pst
দেখিতিস,Past,2nd_i,cntx_pst
দেখিতে,Past,2nd_f,cntx_pst
দেখিতেছ,Present,2nd_f,cntx_prt
দেখিতেছি,Present,1st,cntx_prt
দেখিতেছিল,Past,3rd_f,cntx_pst
দেখিতেছিলাম,Past,1st,cntx_pst
দেখিতেছিলি,Past,2nd_i,cntx_pst
দেখিতেছিলে,Past,2nd_f,cntx_pst
দেখিতেছিলেন,Past,pol_f,cntx_pst
দেখিতেছিস,Present,2nd_i,cntx_prt
দেখিতেছে,Present,3rd_f,cntx_prt
দেখিতেছেন,Present,pol_f,cntx_prt
দেখিতেন,Past,pol_f,cntx_pst
দেখিব,Future,1st,cntx_fut
দেখিবার,Present,404_f,cntx_404
দেখিবি,Future,2nd_i,cntx_fut
দেখিবে,Future,2nd_f,cntx_fut
দেখিবেন,Future,pol_f,cntx_fut
দেখিয়া,Participle,404_f,cntx_404
দেখিয়াছ,Present,2nd_f,cntx_prt
দেখিয়াছি,Present,1st,cntx_prt
দেখিয়াছিল,Past,3rd_f,cntx_pst
দেখিয়াছিলাম,Past,1st,cntx_pst
দেখিয়াছিলি,Past,2nd_i,cntx_pst
দেখিয়াছিলে,Past,2nd_f,cntx_pst
দেখিয়াছিলেন,Past,pol_f,cntx_pst
দেখিয়াছিস,Present,2nd_i,cntx_prt
দেখিয়াছে,Present,3rd_f,cntx_prt
দেখিয়াছেন,Present,pol_f,cntx_prt
দেখিয়ে,Participle,404_f,cntx_404
দেখিয়েছ,Present,2nd_f,cntx_prt
দেখিয়েছি,Present,1st,cntx_prt
দেখিয়েছিল,Past,3rd_f,cntx_pst
দেখিয়েছিলাম,Past,1st,cntx_pst
দেখিয়েছিলি,Past,2nd_i,cntx_pst
দেখিয়েছিলুম,Past,1st,cntx_pst
দেখিয়েছিলে,Past,2nd_f,cntx_pst
দেখিয়েছিলেন,Past,pol_f,cntx_pst
দেখিয়েছিলেম,Past,1st,cntx_pst
দেখিয়েছিস,Present,2nd_i,cntx_prt
দেখিয়েছে,Present,3rd_f,cntx_prt
দেখিয়েছেন,Present,pol_f,cntx_prt
দেখিয়ো,Present,2nd_f,cntx_prt
দেখিল,Past,3rd_f,cntx_pst
দেখিলাম,Past,1st,cntx_pst
দেখিলি,Past,2nd_i,cntx_pst
দেখিলে,Past,2nd_f,cntx_pst
দেখিলেন,Past,pol_f,cntx_pst
দেখিস,Present,2nd_i,cntx_prt
দেখুক,Present,3rd_f,cntx_prt
দেখুন,Present,pol_f,cntx_prt
দেখে,Present,3rd_f,cntx_prt
দেখেছ,Present,2nd_f,cntx_prt
দেখেছি,Present,1st,cntx_prt
দেখেছিল,Past,3rd_f,cntx_pst
দেখেছিলাম,Past,1st,cntx_pst
দেখেছিলি,Past,2nd_i,cntx_pst
দেখেছিলুম,Past,1st,cntx_pst
দেখেছিলে,Past,2nd_f,cntx_pst
দেখেছিলেন,Past,pol_f,cntx_pst
দেখেছিলেম,Past,1st,cntx_pst
দেখেছিস,Present,2nd_i,cntx_prt
দেখেছে,Present,3rd_f,cntx_prt
দেখেছেন,Present,pol_f,cntx_prt
দেখেন,Present,pol_f,cntx_prt
দেখো,Present,2nd_f,cntx_prt
দেখছ,Present,2nd_f,cntx_prt
দেখছি,Present,1st,cntx_prt
দেখছিল,Past,3rd_f,cntx_pst
দেখছিলাম,Past,1st,cntx_pst
দেখছিলি,Past,2nd_i,cntx_pst
দেখছিলুম,Past,1st,cntx_pst
দেখছিলে,Past,2nd_f,cntx_pst
দেখছিলেন,Past,pol_f,cntx_pst
দেখছিলেম,Past,1st,cntx_pst
দেখছিস,Present,2nd_i,cntx_prt
দেখছে,Present,3rd_f,cntx_prt
দেখছেন,Present,pol_f,cntx_prt
দেখত,Past,3rd_f,cntx_pst
দেখতাম,Past,1st,cntx_pst
দেখতিস,Past,2nd_i,cntx_pst
দেখতুম,Past,1st,cntx_pst
দেখতে,Past,2nd_f,cntx_pst
দেখতেন,Past,pol_f,cntx_pst
দেখতেম,Past,1st,cntx_pst
দেখব,Future,1st,cntx_fut
দেখবার,Present,404_f,cntx_404
দেখবি,Future,2nd_i,cntx_fut
দেখবে,Future,2nd_f,cntx_fut
দেখবেন,Future,pol_f,cntx_fut
দেখবো,Future,1st,cntx_fut
দেখল,Past,3rd_f,cntx_pst
দেখলাম,Past,1st,cntx_pst
দেখলি,Past,2nd_i,cntx_pst
দেখলুম,Past,1st,cntx_pst
দেখলে,Past,2nd_f,cntx_pst
দেখলেন,Past,pol_f,cntx_pst
দেখলেম,Past,1st,cntx_pst
নাচ,Root,2nd_i,cntx_prt
নাচা,Base,pos_f,cntx_alt
নাচাই,Present,1st,cntx_prt
নাচাইও,Present,2nd_f,cntx_prt
নাচাইত,Past,3rd_f,cntx_pst
নাচাইতাম,Past,1st,cntx_pst
নাচাইতিস,Past,2nd_i,cntx_pst
নাচাইতে,Past,2nd_f,cntx_pst
নাচাইতেছ,Present,2nd_f,cntx_prt
নাচাইতেছি,Present,1st,cntx_prt
নাচাইতেছিল,Past,3rd_f,cntx_pst
নাচাইতেছিলাম,Past,1st,cntx_pst
নাচাইতেছিলি,Past,2nd_i,cntx_pst
নাচাইতেছিলে,Past,2nd_f,cntx_pst
নাচাইতেছিলেন,Past,pol_f,cntx_pst
নাচাইতেছিস,Present,2nd_i,cntx_prt
নাচাইতেছে,Present,3rd_f,cntx_prt
নাচাইতেছেন,Present,pol_f,cntx_prt
নাচাইতেন,Past,pol_f,cntx_pst
নাচাইব,Future,1st,cntx_fut
নাচাইবার,Present,404_f,cntx_404
নাচাইবি,Future,2nd_i,cntx_fut
নাচাইবে,Future,2nd_f,cntx_fut
নাচাইবেন,Future,pol_f,cntx_fut
নাচাইয়া,Participle,404_f,cntx_404
নাচাইয়াছ,Present,2nd_f,cntx_prt
নাচাইয়াছি,Present,1st,cntx_prt
নাচাইয়াছিল,Past,3rd_f,cntx_pst
নাচাইয়াছিলাম,Past,1st,cntx_pst
নাচাইয়াছিলি,Past,2nd_i,cntx_pst
নাচাইয়াছিলে,Past,2nd_f,cntx_pst
নাচাইয়াছিলেন,Past,pol_f,cntx_pst
নাচাইয়াছিস,Present,2nd_i,cntx_prt
নাচাইয়াছে,Present,3rd_f,cntx_prt
নাচাইয়াছেন,Present,pol_f,cntx_prt
নাচাইয়ো,Present,2nd_f,cntx_prt
নাচাইল,Past,3rd_f,cntx_pst
নাচাইলাম,Past,1st,cntx_pst
নাচাইলি,Past,2nd_i,cntx_pst
নাচাইলে,Past,2nd_f,cntx_pst
নাচাইলেন,Past,pol_f,cntx_pst
নাচাও,Present,2nd_f,cntx_prt
নাচাক,Present,3rd_f,cntx_prt
নাচাচ্ছ,Present,2nd_f,cntx_prt
নাচাচ্ছি,Present,1st,cntx_prt
নাচাচ্ছিল,Past,3rd_f,cntx_pst
নাচাচ্ছিলাম,Past,1st,cntx_pst
নাচাচ্ছিলি,Past,2nd_i,cntx_pst
নাচাচ্ছিলুম,Past,1st,cntx_pst
নাচাচ্ছিলে,Past,2nd_f,cntx_pst
নাচাচ্ছিলেন,Past,pol_f,cntx_pst
নাচাচ্ছিলেম,Past,1st,cntx_pst
নাচাচ্ছিস,Present,2nd_i,cntx_prt
নাচাচ্ছে,Present,3rd_f,cntx_prt
নাচাচ্ছেন,Present,pol_f,cntx_prt
নাচাত,Past,3rd_f,cntx_pst
নাচাতাম,Past,1st,cntx_pst
নাচাতিস,Past,2nd_i,cntx_pst
নাচাতুম,Past,1st,cntx_pst
নাচাতে,Past,2nd_f,cntx_pst
নাচাতেন,Past,pol_f,cntx_pst
নাচাতেম,Past,1st,cntx_pst
নাচান,Present,pol_f,cntx_prt
নাচানো,Present,obj_f,cntx_alt
নাচাব,Future,1st,cntx_fut
নাচাবার,Present,404_f,cntx_404
নাচাবি,Future,2nd_i,cntx_fut
নাচাবে,Future,2nd_f,cntx_fut
নাচাবেন,Future,pol_f,cntx_fut
নাচাবো,Future,1st,cntx_fut
নাচায়,Present,3rd_f,cntx_prt
নাচার,Present,404_f,cntx_404
নাচাল,Past,3rd_f,cntx_pst
নাচালাম,Past,1st,cntx_pst
নাচালি,Past,2nd_i,cntx_pst
নাচালুম,Past,1st,cntx_pst
নাচালে,Past,2nd_f,cntx_pst
নাচালেন,Past,pol_f,cntx_pst
নাচালেম,Past,1st,cntx_pst
নাচাস,Present,2nd_i,cntx_prt
নাচি,Present,1st,cntx_prt
নাচিও,Present,2nd_f,cntx_prt
নাচিত,Past,3rd_f,cntx_pst
নাচিতাম,Past,1st,cntx_pst
নাচিতিস,Past,2nd_i,cntx_pst
নাচিতে,Past,2nd_f,cntx_pst
নাচিতেছ,Present,2nd_f,cntx_prt
নাচিতেছি,Present,1st,cntx_prt
নাচিতেছিল,Past,3rd_f,cntx_pst
নাচিতেছিলাম,Past,1st,cntx_pst
নাচিতেছিলি,Past,2nd_i,cntx_pst
নাচিতেছিলে,Past,2nd_f,cntx_pst
নাচিতেছিলেন,Past,pol_f,cntx_pst
নাচিতেছিস,Present,2nd_i,cntx_prt
নাচিতেছে,Present,3rd_f,cntx_prt
নাচিতেছেন,Present,pol_f,cntx_prt
নাচিতেন,Past,pol_f,cntx_pst
নাচিব,Future,1st,cntx_fut
নাচিবার,Present,404_f,cntx_404
নাচিবি,Future,2nd_i,cntx_fut
নাচিবে,Future,2nd_f,cntx_fut
নাচিবেন,Future,pol_f,cntx_fut
নাচিয়া,Participle,404_f,cntx_404
নাচিয়াছ,Present,2nd_f,cntx_prt
নাচিয়াছি,Present,1st,cntx_prt
নাচিয়াছিল,Past,3rd_f,cntx_pst
নাচিয়াছিলাম,Past,1st,cntx_pst
নাচিয়াছিলি,Past,2nd_i,cntx_pst
নাচিয়াছিলে,Past,2nd_f,cntx_pst
নাচিয়াছিলেন,Past,pol_f,cntx_pst
নাচিয়াছিস,Present,2nd_i,cntx_prt
নাচিয়াছে,Present,3rd_f,cntx_prt
নাচিয়াছেন,Present,pol_f,cntx_prt
নাচিয়ে,Participle,404_f,cntx_404
নাচিয়েছ,Present,2nd_f,cntx_prt
নাচিয়েছি,Present,1st,cntx_prt
নাচিয়েছিল,Past,3rd_f,cntx_pst
নাচিয়েছিলাম,Past,1st,cntx_pst
নাচিয়েছিলি,Past,2nd_i,cntx_pst
নাচিয়েছিলুম,Past,1st,cntx_pst
নাচিয়েছিলে,Past,2nd_f,cntx_pst
নাচিয়েছিলেন,Past,pol_f,cntx_pst
নাচিয়েছিলেম,Past,1st,cntx_pst
নাচিয়েছিস,Present,2nd_i,cntx_prt
নাচিয়েছে,Present,3rd_f,cntx_prt
নাচিয়েছেন,Present,pol_f,cntx_prt
নাচিয়ো,Present,2nd_f,cntx_prt
নাচিল,Past,3rd_f,cntx_pst
নাচিলাম,Past,1st,cntx_pst
নাচিলি,Past,2nd_i,cntx_pst
নাচিলে,Past,2nd_f,cntx_pst
নাচিলেন,Past,pol_f,cntx_pst
নাচিস,Present,2nd_i,cntx_prt
নাচুক,Present,3rd_f,cntx_prt
নাচুন,Present,pol_f,cntx_prt
নাচে,Present,3rd_f,cntx_prt
নাচেন,Present,pol_f,cntx_prt
নাচছ,Present,2nd_f,cntx_prt
নাচছি,Present,1st,cntx_prt
নাচছিল,Past,3rd_f,cntx_pst
নাচছিলাম,Past,1st,cntx_pst
নাচছিলি,Past,2nd_i,cntx_pst
নাচছিলুম,Past,1st,cntx_pst
নাচছিলে,Past,2nd_f,cntx_pst
নাচছিলেন,Past,pol_f,cntx_pst
নাচছিলেম,Past,1st,cntx_pst
নাচছিস,Present,2nd_i,cntx_prt
নাচছে,Present,3rd_f,cntx_prt
নাচছেন,Present,pol_f,cntx_prt
নাচত,Past,3rd_f,cntx_pst
নাচতাম,Past,1st,cntx_pst
নাচতিস,Past,2nd_i,cntx_pst
নাচতুম,Past,1st,cntx_pst
নাচতে,Past,2nd_f,cntx_pst
নাচতেন,Past,pol_f,cntx_pst
নাচতেম,Past,1st,cntx_pst
নাচব,Future,1st,cntx_fut
নাচবার,Present,404_f,cntx_404
নাচবি,Future,2nd_i,cntx_fut
নাচবে,Future,2nd_f,cntx_fut
নাচবেন,Future,pol_f,cntx_fut
নাচবো,Future,1st,cntx_fut
নাচল,Past,3rd_f,cntx_pst
নাচলাম,Past,1st,cntx_pst
নাচলি,Past,2nd_i,cntx_pst
নাচলুম,Past,1st,cntx_pst
নাচলে,Past,2nd_f,cntx_pst
নাচলেন,Past,pol_f,cntx_pst
নাচলেম,Past,1st,cntx_pst
পড়ান,Present,pol_f,cntx_prt
পড়,Root,2nd_i,cntx_prt
পড়া,Base,pos_f,cntx_alt
পড়াই,Present,1st,cntx_prt
পড়াইও,Present,2nd_f,cntx_prt
পড়াইত,Past,3rd_f,cntx_pst
পড়াইতাম,Past,1st,cntx_pst
পড়াইতিস,Past,2nd_i,cntx_pst
পড়াইতে,Past,2nd_f,cntx_pst
পড়াইতেছ,Present,2nd_f,cntx_prt
পড়াইতেছি,Present,1st,cntx_prt
পড়াইতেছিল,Past,3rd_f,cntx_pst
পড়াইতেছিলাম,Past,1st,cntx_pst
পড়াইতেছিলি,Past,2nd_i,cntx_pst
পড়াইতেছিলে,Past,2nd_f,cntx_pst
পড়াইতেছিলেন,Past,pol_f,cntx_pst
পড়াইতেছিস,Present,2nd_i,cntx_prt
পড়াইতেছে,Present,3rd_f,cntx_prt
পড়াইতেছেন,Present,pol_f,cntx_prt
পড়াইতেন,Past,pol_f,cntx_pst
পড়াইব,Future,1st,cntx_fut
পড়াইবার,Present,404_f,cntx_404
পড়াইবি,Future,2nd_i,cntx_fut
পড়াইবে,Future,2nd_f,cntx_fut
পড়াইবেন,Future,pol_f,cntx_fut
পড়াইয়া,Participle,404_f,cntx_404
পড়াইয়াছ,Present,2nd_f,cntx_prt
পড়াইয়াছি,Present,1st,cntx_prt
পড়াইয়াছিল,Past,3rd_f,cntx_pst
পড়াইয়াছিলাম,Past,1st,cntx_pst
পড়াইয়াছিলি,Past,2nd_i,cntx_pst
পড়াইয়াছিলে,Past,2nd_f,cntx_pst
পড়াইয়াছিলেন,Past,pol_f,cntx_pst
পড়াইয়াছিস,Present,2nd_i,cntx_prt
পড়াইয়াছে,Present,3rd_f,cntx_prt
পড়াইয়াছেন,Present,pol_f,cntx_prt
পড়াইয়ো,Present,2nd_f,cntx_prt
পড়াইল,Past,3rd_f,cntx_pst
পড়াইলাম,Past,1st,cntx_pst
পড়াইলি,Past,2nd_i,cntx_pst
পড়াইলে,Past,2nd_f,cntx_pst
পড়াইলেন,Past,pol_f,cntx_pst
পড়াও,Present,2nd_f,cntx_prt
পড়াক,Present,3rd_f,cntx_prt
পড়াচ্ছ,Present,2nd_f,cntx_prt
পড়াচ্ছি,Present,1st,cntx_prt
পড়াচ্ছিল,Past,3rd_f,cntx_pst
পড়াচ্ছিলাম,Past,1st,cntx_pst
পড়াচ্ছিলি,Past,2nd_i,cntx_pst
পড়াচ্ছিলুম,Past,1st,cntx_pst
পড়াচ্ছিলে,Past,2nd_f,cntx_pst
পড়াচ্ছিলেন,Past,pol_f,cntx_pst
পড়াচ্ছিলেম,Past,1st,cntx_pst
পড়াচ্ছিস,Present,2nd_i,cntx_prt
পড়াচ্ছে,Present,3rd_f,cntx_prt
পড়াচ্ছেন,Present,pol_f,cntx_prt
পড়াত,Past,3rd_f,cntx_pst
পড়াতাম,Past,1st,cntx_pst
পড়াতিস,Past,2nd_i,cntx_pst
পড়াতুম,Past,1st,cntx_pst
পড়াতে,Past,2nd_f,cntx_pst
পড়াতেন,Past,pol_f,cntx_pst
পড়াতেম,Past,1st,cntx_pst
পড়ান,Present,pol_f,cntx_prt
পড়ানো,Present,obj_f,cntx_alt
পড়াব,Future,1st,cntx_fut
পড়াবার,Present,404_f,cntx_404
পড়াবি,Future,2nd_i,cntx_fut
পড়াবে,Future,2nd_f,cntx_fut
পড়াবেন,Future,pol_f,cntx_fut
পড়াবো,Future,1st,cntx_fut
পড়ায়,Present,3rd_f,cntx_prt
পড়ার,Present,404_f,cntx_404
পড়াল,Past,3rd_f,cntx_pst
পড়ালাম,Past,1st,cntx_pst
পড়ালি,Past,2nd_i,cntx_pst
পড়ালুম,Past,1st,cntx_pst
পড়ালে,Past,2nd_f,cntx_pst
পড়ালেন,Past,pol_f,cntx_pst
পড়ালেম,Past,1st,cntx_pst
পড়াস,Present,2nd_i,cntx_prt
পড়ি,Present,1st,cntx_prt
পড়িও,Present,2nd_f,cntx_prt
পড়িত,Past,3rd_f,cntx_pst
পড়িতাম,Past,1st,cntx_pst
পড়িতিস,Past,2nd_i,cntx_pst
পড়িতে,Past,2nd_f,cntx_pst
পড়িতেছ,Present,2nd_f,cntx_prt
পড়িতেছি,Present,1st,cntx_prt
পড়িতেছিল,Past,3rd_f,cntx_pst
পড়িতেছিলাম,Past,1st,cntx_pst
পড়িতেছিলি,Past,2nd_i,cntx_pst
পড়িতেছিলে,Past,2nd_f,cntx_pst
পড়িতেছিলেন,Past,pol_f,cntx_pst
পড়িতেছিস,Present,2nd_i,cntx_prt
পড়িতেছে,Present,3rd_f,cntx_prt
পড়িতেছেন,Present,pol_f,cntx_prt
পড়িতেন,Past,pol_f,cntx_pst
পড়িব,Future,1st,cntx_fut
পড়িবার,Present,404_f,cntx_404
পড়িবি,Future,2nd_i,cntx_fut
পড়িবে,Future,2nd_f,cntx_fut
পড়িবেন,Future,pol_f,cntx_fut
পড়িয়া,Participle,404_f,cntx_404
পড়িয়াছ,Present,2nd_f,cntx_prt
পড়িয়াছি,Present,1st,cntx_prt
পড়িয়াছিল,Past,3rd_f,cntx_pst
পড়িয়াছিলাম,Past,1st,cntx_pst
পড়িয়াছিলি,Past,2nd_i,cntx_pst
পড়িয়াছিলে,Past,2nd_f,cntx_pst
পড়িয়াছিলেন,Past,pol_f,cntx_pst
পড়িয়াছিস,Present,2nd_i,cntx_prt
পড়িয়াছে,Present,3rd_f,cntx_prt
পড়িয়াছেন,Present,pol_f,cntx_prt
পড়িয়ে,Participle,404_f,cntx_404
পড়িয়েছ,Present,2nd_f,cntx_prt
পড়িয়েছি,Present,1st,cntx_prt
পড়িয়েছিল,Past,3rd_f,cntx_pst
পড়িয়েছিলাম,Past,1st,cntx_pst
পড়িয়েছিলি,Past,2nd_i,cntx_pst
পড়িয়েছিলুম,Past,1st,cntx_pst
পড়িয়েছিলে,Past,2nd_f,cntx_pst
পড়িয়েছিলেন,Past,pol_f,cntx_pst
পড়িয়েছিলেম,Past,1st,cntx_pst
পড়িয়েছিস,Present,2nd_i,cntx_prt
পড়িয়েছে,Present,3rd_f,cntx_prt
পড়িয়েছেন,Present,pol_f,cntx_prt
পড়িয়ো,Present,2nd_f,cntx_prt
পড়িল,Past,3rd_f,cntx_pst
পড়িলাম,Past,1st,cntx_pst
পড়িলি,Past,2nd_i,cntx_pst
পড়িলে,Past,2nd_f,cntx_pst
পড়িলেন,Past,pol_f,cntx_pst
পড়িস,Present,2nd_i,cntx_prt
পড়ুক,Present,3rd_f,cntx_prt
পড়ুন,Present,pol_f,cntx_prt
পড়ে,Present,3rd_f,cntx_prt
পড়েছ,Present,2nd_f,cntx_prt
পড়েছি,Present,1st,cntx_prt
পড়েছিল,Past,3rd_f,cntx_pst
পড়েছিলাম,Past,1st,cntx_pst
পড়েছিলি,Past,2nd_i,cntx_pst
পড়েছিলুম,Past,1st,cntx_pst
পড়েছিলে,Past,2nd_f,cntx_pst
পড়েছিলেন,Past,pol_f,cntx_pst
পড়েছিলেম,Past,1st,cntx_pst
পড়েছিস,Present,2nd_i,cntx_prt
পড়েছে,Present,3rd_f,cntx_prt
পড়েছেন,Present,pol_f,cntx_prt
পড়েন,Present,pol_f,cntx_prt
পড়ো,Present,2nd_f,cntx_prt
পড়ছ,Present,2nd_f,cntx_prt
পড়ছি,Present,1st,cntx_prt
পড়ছিল,Past,3rd_f,cntx_pst
পড়ছিলাম,Past,1st,cntx_pst
পড়ছিলি,Past,2nd_i,cntx_pst
পড়ছিলুম,Past,1st,cntx_pst
পড়ছিলে,Past,2nd_f,cntx_pst
পড়ছিলেন,Past,pol_f,cntx_pst
পড়ছিলেম,Past,1st,cntx_pst
পড়ছিস,Present,2nd_i,cntx_prt
পড়ছে,Present,3rd_f,cntx_prt
পড়ছেন,Present,pol_f,cntx_prt
পড়ত,Past,3rd_f,cntx_pst
পড়তাম,Past,1st,cntx_pst
পড়তিস,Past,2nd_i,cntx_pst
পড়তুম,Past,1st,cntx_pst
পড়তে,Past,2nd_f,cntx_pst
পড়তেন,Past,pol_f,cntx_pst
পড়তেম,Past,1st,cntx_pst
পড়ব,Future,1st,cntx_fut
পড়বার,Present,404_f,cntx_404
পড়বি,Future,2nd_i,cntx_fut
পড়বে,Future,2nd_f,cntx_fut
পড়বেন,Future,pol_f,cntx_fut
পড়বো,Future,1st,cntx_fut
পড়ল,Past,3rd_f,cntx_pst
পড়লাম,Past,1st,cntx_pst
পড়লি,Past,2nd_i,cntx_pst
পড়লুম,Past,1st,cntx_pst
পড়লে,Past,2nd_f,cntx_pst
পড়লেন,Past,pol_f,cntx_pst
পড়লেম,Past,1st,cntx_pst
পাই,Present,1st,cntx_prt
পাইও,Present,2nd_f,cntx_prt
পাইত,Past,3rd_f,cntx_pst
পাইতাম,Past,1st,cntx_pst
পাইতিস,Past,2nd_i,cntx_pst
পাইতে,Past,2nd_f,cntx_pst
পাইতেছ,Present,2nd_f,cntx_prt
পাইতেছি,Present,1st,cntx_prt
পাইতেছিল,Past,3rd_f,cntx_pst
পাইতেছিলাম,Past,1st,cntx_pst
পাইতেছিলি,Past,2nd_i,cntx_pst
পাইতেছিলে,Past,2nd_f,cntx_pst
পাইতেছিলেন,Past,pol_f,cntx_pst
পাইতেছিস,Present,2nd_i,cntx_prt
পাইতেছে,Present,3rd_f,cntx_prt
পাইতেছেন,Present,pol_f,cntx_prt
পাইতেন,Past,pol_f,cntx_pst
পাইব,Future,1st,cntx_fut
পাইবার,Present,404_f,cntx_404
পাইবি,Future,2nd_i,cntx_fut
পাইবে,Future,2nd_f,cntx_fut
পাইবেন,Future,pol_f,cntx_fut
পাইয়া,Participle,404_f,cntx_404
পাইয়াছ,Present,2nd_f,cntx_prt
পাইয়াছি,Present,1st,cntx_prt
পাইয়াছিল,Past,3rd_f,cntx_pst
পাইয়াছিলাম,Past,1st,cntx_pst
পাইয়াছিলি,Past,2nd_i,cntx_pst
পাইয়াছিলে,Past,2nd_f,cntx_pst
পাইয়াছিলেন,Past,pol_f,cntx_pst
পাইয়াছিস,Present,2nd_i,cntx_prt
পাইয়াছে,Present,3rd_f,cntx_prt
পাইয়াছেন,Present,pol_f,cntx_prt
পাইয়ে,Participle,404_f,cntx_404
পাইয়েছ,Present,2nd_f,cntx_prt
পাইয়েছি,Present,1st,cntx_prt
পাইয়েছিল,Past,3rd_f,cntx_pst
পাইয়েছিলাম,Past,1st,cntx_pst
পাইয়েছিলি,Past,2nd_i,cntx_pst
পাইয়েছিলুম,Past,1st,cntx_pst
পাইয়েছিলে,Past,2nd_f,cntx_pst
পাইয়েছিলেন,Past,pol_f,cntx_pst
পাইয়েছিলেম,Past,1st,cntx_pst
পাইয়েছিস,Present,2nd_i,cntx_prt
পাইয়েছে,Present,3rd_f,cntx_prt
পাইয়েছেন,Present,pol_f,cntx_prt
পাইয়ো,Present,2nd_f,cntx_prt
পাইল,Past,3rd_f,cntx_pst
পাইলাম,Past,1st,cntx_pst
পাইলি,Past,2nd_i,cntx_pst
পাইলে,Past,2nd_f,cntx_pst
পাইলেন,Past,pol_f,cntx_pst
পাও,Present,2nd_f,cntx_prt
পাওয়া,Base,pos_f,cntx_alt
পাওয়াই,Present,1st,cntx_prt
পাওয়াইও,Present,2nd_f,cntx_prt
পাওয়াইত,Past,3rd_f,cntx_pst
পাওয়াইতাম,Past,1st,cntx_pst
পাওয়াইতিস,Past,2nd_i,cntx_pst
পাওয়াইতে,Past,2nd_f,cntx_pst
পাওয়াইতেছ,Present,2nd_f,cntx_prt
পাওয়াইতেছি,Present,1st,cntx_prt
পাওয়াইতেছিল,Past,3rd_f,cntx_pst
পাওয়াইতেছিলাম,Past,1st,cntx_pst
পাওয়াইতেছিলি,Past,2nd_i,cntx_pst
পাওয়াইতেছিলে,Past,2nd_f,cntx_pst
পাওয়াইতেছিলেন,Past,pol_f,cntx_pst
পাওয়াইতেছিস,Present,2nd_i,cntx_prt
পাওয়াইতেছে,Present,3rd_f,cntx_prt
পাওয়াইতেছেন,Present,pol_f,cntx_prt
পাওয়াইতেন,Past,pol_f,cntx_pst
পাওয়াইব,Future,1st,cntx_fut
পাওয়াইবার,Present,404_f,cntx_404
পাওয়াইবি,Future,2nd_i,cntx_fut
পাওয়াইবে,Future,2nd_f,cntx_fut
পাওয়াইবেন,Future,pol_f,cntx_fut
পাওয়াইয়া,Participle,404_f,cntx_404
পাওয়াইয়াছ,Present,2nd_f,cntx_prt
পাওয়াইয়াছি,Present,1st,cntx_prt
পাওয়াইয়াছিল,Past,3rd_f,cntx_pst
পাওয়াইয়াছিলাম,Past,1st,cntx_pst
পাওয়াইয়াছিলি,Past,2nd_i,cntx_pst
পাওয়াইয়াছিলে,Past,2nd_f,cntx_pst
পাওয়াইয়াছিলেন,Past,pol_f,cntx_pst
পাওয়াইয়াছিস,Present,2nd_i,cntx_prt
পাওয়াইয়াছে,Present,3rd_f,cntx_prt
পাওয়াইয়াছেন,Present,pol_f,cntx_prt
পাওয়াইয়ো,Present,2nd_f,cntx_prt
পাওয়াইল,Past,3rd_f,cntx_pst
পাওয়াইলাম,Past,1st,cntx_pst
পাওয়াইলি,Past,2nd_i,cntx_pst
পাওয়াইলে,Past,2nd_f,cntx_pst
পাওয়াইলেন,Past,pol_f,cntx_pst
পাওয়াও,Present,2nd_f,cntx_prt
পাওয়াক,Present,3rd_f,cntx_prt
পাওয়াচ্ছ,Present,2nd_f,cntx_prt
পাওয়াচ্ছি,Present,1st,cntx_prt
পাওয়াচ্ছিল,Past,3rd_f,cntx_pst
পাওয়াচ্ছিলাম,Past,1st,cntx_pst
পাওয়াচ্ছিলি,Past,2nd_i,cntx_pst
পাওয়াচ্ছিলুম,Past,1st,cntx_pst
পাওয়াচ্ছিলে,Past,2nd_f,cntx_pst
পাওয়াচ্ছিলেন,Past,pol_f,cntx_pst
পাওয়াচ্ছিলেম,Past,1st,cntx_pst
পাওয়াচ্ছিস,Present,2nd_i,cntx_prt
পাওয়াচ্ছে,Present,3rd_f,cntx_prt
পাওয়াচ্ছেন,Present,pol_f,cntx_prt
পাওয়াত,Past,3rd_f,cntx_pst
পাওয়াতাম,Past,1st,cntx_pst
পাওয়াতিস,Past,2nd_i,cntx_pst
পাওয়াতুম,Past,1st,cntx_pst
পাওয়াতে,Past,2nd_f,cntx_pst
পাওয়াতেন,Past,pol_f,cntx_pst
পাওয়াতেম,Past,1st,cntx_pst
পাওয়ান,Present,pol_f,cntx_prt
পাওয়ানো,Present,obj_f,cntx_alt
পাওয়াব,Future,1st,cntx_fut
পাওয়াবার,Present,404_f,cntx_404
পাওয়াবি,Future,2nd_i,cntx_fut
পাওয়াবে,Future,2nd_f,cntx_fut
পাওয়াবেন,Future,pol_f,cntx_fut
পাওয়াবো,Future,1st,cntx_fut
পাওয়ায়,Present,3rd_f,cntx_prt
পাওয়াল,Past,3rd_f,cntx_pst
পাওয়ালাম,Past,1st,cntx_pst
পাওয়ালি,Past,2nd_i,cntx_pst
পাওয়ালুম,Past,1st,cntx_pst
পাওয়ালে,Past,2nd_f,cntx_pst
পাওয়ালেন,Past,pol_f,cntx_pst
পাওয়ালেম,Past,1st,cntx_pst
পাওয়াস,Present,2nd_i,cntx_prt
ফির,Root,2nd_i,cntx_prt
ফিরা,Base,pos_f,cntx_alt
ফিরাই,Present,1st,cntx_prt
ফিরাইও,Present,2nd_f,cntx_prt
ফিরাইত,Past,3rd_f,cntx_pst
ফিরাইতাম,Past,1st,cntx_pst
ফিরাইতিস,Past,2nd_i,cntx_pst
ফিরাইতে,Past,2nd_f,cntx_pst
ফিরাইতেছ,Present,2nd_f,cntx_prt
ফিরাইতেছি,Present,1st,cntx_prt
ফিরাইতেছিল,Past,3rd_f,cntx_pst
ফিরাইতেছিলাম,Past,1st,cntx_pst
ফিরাইতেছিলি,Past,2nd_i,cntx_pst
ফিরাইতেছিলে,Past,2nd_f,cntx_pst
ফিরাইতেছিলেন,Past,pol_f,cntx_pst
ফিরাইতেছিস,Present,2nd_i,cntx_prt
ফিরাইতেছে,Present,3rd_f,cntx_prt
ফিরাইতেছেন,Present,pol_f,cntx_prt
ফিরাইতেন,Past,pol_f,cntx_pst
ফিরাইব,Future,1st,cntx_fut
ফিরাইবার,Present,404_f,cntx_404
ফিরাইবি,Future,2nd_i,cntx_fut
ফিরাইবে,Future,2nd_f,cntx_fut
ফিরাইবেন,Future,pol_f,cntx_fut
ফিরাইয়া,Participle,404_f,cntx_404
ফিরাইয়াছ,Present,2nd_f,cntx_prt
ফিরাইয়াছি,Present,1st,cntx_prt
ফিরাইয়াছিল,Past,3rd_f,cntx_pst
ফিরাইয়াছিলাম,Past,1st,cntx_pst
ফিরাইয়াছিলি,Past,2nd_i,cntx_pst
ফিরাইয়াছিলে,Past,2nd_f,cntx_pst
ফিরাইয়াছিলেন,Past,pol_f,cntx_pst
ফিরাইয়াছিস,Present,2nd_i,cntx_prt
ফিরাইয়াছে,Present,3rd_f,cntx_prt
ফিরাইয়াছেন,Present,pol_f,cntx_prt
ফিরাইয়ো,Present,2nd_f,cntx_prt
ফিরাইল,Past,3rd_f,cntx_pst
ফিরাইলাম,Past,1st,cntx_pst
ফিরাইলি,Past,2nd_i,cntx_pst
ফিরাইলে,Past,2nd_f,cntx_pst
ফিরাইলেন,Past,pol_f,cntx_pst
ফিরাও,Present,2nd_f,cntx_prt
ফিরাক,Present,3rd_f,cntx_prt
ফিরান,Present,pol_f,cntx_prt
ফিরানো,Present,obj_f,cntx_alt
ফিরায়,Present,3rd_f,cntx_prt
ফিরাস,Present,2nd_i,cntx_prt
ফিরই,Present,1st,cntx_prt
ফিরি,Present,1st,cntx_prt
ফিরিও,Present,2nd_f,cntx_prt
ফিরিত,Past,3rd_f,cntx_pst
ফিরিতাম,Past,1st,cntx_pst
ফিরিতিস,Past,2nd_i,cntx_pst
ফিরিতে,Past,2nd_f,cntx_pst
ফিরিতেছ,Present,2nd_f,cntx_prt
ফিরিতেছি,Present,1st,cntx_prt
ফিরিতেছিল,Past,3rd_f,cntx_pst
ফিরিতেছিলাম,Past,1st,cntx_pst
ফিরিতেছিলি,Past,2nd_i,cntx_pst
ফিরিতেছিলে,Past,2nd_f,cntx_pst
ফিরিতেছিলেন,Past,pol_f,cntx_pst
ফিরিতেছিস,Present,2nd_i,cntx_prt
ফিরিতেছে,Present,3rd_f,cntx_prt
ফিরিতেছেন,Present,pol_f,cntx_prt
ফিরিতেন,Past,pol_f,cntx_pst
ফিরিব,Future,1st,cntx_fut
ফিরিবার,Present,404_f,cntx_404
ফিরিবি,Future,2nd_i,cntx_fut
ফিরিবে,Future,2nd_f,cntx_fut
ফিরিবেন,Future,pol_f,cntx_fut
ফিরিয়া,Participle,404_f,cntx_404
ফিরিয়াছ,Present,2nd_f,cntx_prt
ফিরিয়াছি,Present,1st,cntx_prt
ফিরিয়াছিল,Past,3rd_f,cntx_pst
ফিরিয়াছিলাম,Past,1st,cntx_pst
ফিরিয়াছিলি,Past,2nd_i,cntx_pst
ফিরিয়াছিলে,Past,2nd_f,cntx_pst
ফিরিয়াছিলেন,Past,pol_f,cntx_pst
ফিরিয়াছিস,Present,2nd_i,cntx_prt
ফিরিয়াছে,Present,3rd_f,cntx_prt
ফিরিয়াছেন,Present,pol_f,cntx_prt
ফিরিয়ে,Participle,404_f,cntx_404
ফিরিয়েছ,Present,2nd_f,cntx_prt
ফিরিয়েছি,Present,1st,cntx_prt
ফিরিয়েছিল,Past,3rd_f,cntx_pst
ফিরিয়েছিলাম,Past,1st,cntx_pst
ফিরিয়েছিলি,Past,2nd_i,cntx_pst
ফিরিয়েছিলুম,Past,1st,cntx_pst
ফিরিয়েছিলে,Past,2nd_f,cntx_pst
ফিরিয়েছিলেন,Past,pol_f,cntx_pst
ফিরিয়েছিলেম,Past,1st,cntx_pst
ফিরিয়েছিস,Present,2nd_i,cntx_prt
ফিরিয়েছে,Present,3rd_f,cntx_prt
ফিরিয়েছেন,Present,pol_f,cntx_prt
ফিরিয়ো,Present,2nd_f,cntx_prt
ফিরিল,Past,3rd_f,cntx_pst
ফিরিলাম,Past,1st,cntx_pst
ফিরিলি,Past,2nd_i,cntx_pst
ফিরিলে,Past,2nd_f,cntx_pst
ফিরিলেন,Past,pol_f,cntx_pst
ফিরিস,Present,2nd_i,cntx_prt
ফিরুক,Present,3rd_f,cntx_prt
ফিরুন,Present,pol_f,cntx_prt
ফিরে,Present,3rd_f,cntx_prt
ফিরেআসা,Present,2nd_i,cntx_prt
ফিরেছ,Present,2nd_f,cntx_prt
ফিরেছি,Present,1st,cntx_prt
ফিরেছিল,Past,3rd_f,cntx_pst
ফিরেছিলাম,Past,1st,cntx_pst
ফিরেছিলি,Past,2nd_i,cntx_pst
ফিরেছিলুম,Past,1st,cntx_pst
ফিরেছিলে,Past,2nd_f,cntx_pst
ফিরেছিলেন,Past,pol_f,cntx_pst
ফিরেছিলেম,Past,1st,cntx_pst
ফিরেছিস,Present,2nd_i,cntx_prt
ফিরেছে,Present,3rd_f,cntx_prt
ফিরেছেন,Present,pol_f,cntx_prt
ফিরেন,Present,pol_f,cntx_prt
ফিরও,Present,2nd_f,cntx_prt
ফিরো,Present,2nd_f,cntx_prt
ফিরচ্ছ,Present,2nd_f,cntx_prt
ফিরচ্ছি,Present,1st,cntx_prt
ফিরচ্ছিল,Past,3rd_f,cntx_pst
ফিরচ্ছিলাম,Past,1st,cntx_pst
ফিরচ্ছিলি,Past,2nd_i,cntx_pst
ফিরচ্ছিলুম,Past,1st,cntx_pst
ফিরচ্ছিলে,Past,2nd_f,cntx_pst
ফিরচ্ছিলেন,Past,pol_f,cntx_pst
ফিরচ্ছিলেম,Past,1st,cntx_pst
ফিরচ্ছিস,Present,2nd_i,cntx_prt
ফিরচ্ছে,Present,3rd_f,cntx_prt
ফিরচ্ছেন,Present,pol_f,cntx_prt
ফিরছ,Present,2nd_f,cntx_prt
ফিরছি,Present,1st,cntx_prt
ফিরছিল,Past,3rd_f,cntx_pst
ফিরছিলাম,Past,1st,cntx_pst
ফিরছিলি,Past,2nd_i,cntx_pst
ফিরছিলুম,Past,1st,cntx_pst
ফিরছিলে,Past,2nd_f,cntx_pst
ফিরছিলেন,Past,pol_f,cntx_pst
ফিরছিলেম,Past,1st,cntx_pst
ফিরছিস,Present,2nd_i,cntx_prt
ফিরছে,Present,3rd_f,cntx_prt
ফিরছেন,Present,pol_f,cntx_prt
ফিরতাম,Past,1st,cntx_pst
ফিরতিস,Past,2nd_i,cntx_pst
ফিরতুম,Past,1st,cntx_pst
ফিরতে,Past,2nd_f,cntx_pst
ফিরতেন,Past,pol_f,cntx_pst
ফিরতেম,Past,1st,cntx_pst
ফিরনো,Present,obj_f,cntx_alt
ফিরব,Future,1st,cntx_fut
ফিরবার,Present,404_f,cntx_404
ফিরবি,Future,2nd_i,cntx_fut
ফিরবে,Future,2nd_f,cntx_fut
ফিরবেন,Future,pol_f,cntx_fut
ফিরবো,Future,1st,cntx_fut
ফিরয়,Present,3rd_f,cntx_prt
ফিরল,Past,3rd_f,cntx_pst
ফিরলাম,Past,1st,cntx_pst
ফিরলি,Past,2nd_i,cntx_pst
ফিরলুম,Past,1st,cntx_pst
ফিরলে,Past,2nd_f,cntx_pst
ফিরলেন,Past,pol_f,cntx_pst
ফিরলেম,Past,1st,cntx_pst
বলা,Base,pos_f,cntx_alt
বলাই,Present,1st,cntx_prt
বলাইও,Present,2nd_f,cntx_prt
বলাইত,Past,3rd_f,cntx_pst
বলাইতাম,Past,1st,cntx_pst
বলাইতিস,Past,2nd_i,cntx_pst
বলাইতে,Past,2nd_f,cntx_pst
বলাইতেছ,Present,2nd_f,cntx_prt
বলাইতেছি,Present,1st,cntx_prt
বলাইতেছিল,Past,3rd_f,cntx_pst
বলাইতেছিলাম,Past,1st,cntx_pst
বলাইতেছিলি,Past,2nd_i,cntx_pst
বলাইতেছিলে,Past,2nd_f,cntx_pst
বলাইতেছিলেন,Past,pol_f,cntx_pst
বলাইতেছিস,Present,2nd_i,cntx_prt
বলাইতেছে,Present,3rd_f,cntx_prt
বলাইতেছেন,Present,pol_f,cntx_prt
বলাইতেন,Past,pol_f,cntx_pst
বলাইব,Future,1st,cntx_fut
বলাইবার,Present,404_f,cntx_404
বলাইবি,Future,2nd_i,cntx_fut
বলাইবে,Future,2nd_f,cntx_fut
বলাইবেন,Future,pol_f,cntx_fut
বলাইয়া,Participle,404_f,cntx_404
বলাইয়াছ,Present,2nd_f,cntx_prt
বলাইয়াছি,Present,1st,cntx_prt
বলাইয়াছিল,Past,3rd_f,cntx_pst
বলাইয়াছিলাম,Past,1st,cntx_pst
বলাইয়াছিলি,Past,2nd_i,cntx_pst
বলাইয়াছিলে,Past,2nd_f,cntx_pst
বলাইয়াছিলেন,Past,pol_f,cntx_pst
বলাইয়াছিস,Present,2nd_i,cntx_prt
বলাইয়াছে,Present,3rd_f,cntx_prt
বলাইয়াছেন,Present,pol_f,cntx_prt
বলাইয়ো,Present,2nd_f,cntx_prt
বলাইল,Past,3rd_f,cntx_pst
বলাইলাম,Past,1st,cntx_pst
বলাইলি,Past,2nd_i,cntx_pst
বলাইলে,Past,2nd_f,cntx_pst
বলাইলেন,Past,pol_f,cntx_pst
বলাও,Present,2nd_f,cntx_prt
বলাক,Present,3rd_f,cntx_prt
বলাচ্ছ,Present,2nd_f,cntx_prt
বলাচ্ছি,Present,1st,cntx_prt
বলাচ্ছিল,Past,3rd_f,cntx_pst
বলাচ্ছিলাম,Past,1st,cntx_pst
বলাচ্ছিলি,Past,2nd_i,cntx_pst
বলাচ্ছিলুম,Past,1st,cntx_pst
বলাচ্ছিলে,Past,2nd_f,cntx_pst
বলাচ্ছিলেন,Past,pol_f,cntx_pst
বলাচ্ছিলেম,Past,1st,cntx_pst
বলাচ্ছিস,Present,2nd_i,cntx_prt
বলাচ্ছে,Present,3rd_f,cntx_prt
বলাচ্ছেন,Present,pol_f,cntx_prt
বলাত,Past,3rd_f,cntx_pst
বলাতাম,Past,1st,cntx_pst
বলাতিস,Past,2nd_i,cntx_pst
বলাতুম,Past,1st,cntx_pst
বলাতে,Past,2nd_f,cntx_pst
বলাতেন,Past,pol_f,cntx_pst
বলাতেম,Past,1st,cntx_pst
বলান,Present,pol_f,cntx_prt
বলানো,Present,obj_f,cntx_alt
বলাব,Future,1st,cntx_fut
বলাবার,Present,404_f,cntx_404
বলাবি,Future,2nd_i,cntx_fut
বলাবে,Future,2nd_f,cntx_fut
বলাবেন,Future,pol_f,cntx_fut
বলাবো,Future,1st,cntx_fut
বলায়,Present,3rd_f,cntx_prt
বলার,Present,404_f,cntx_404
বলাল,Past,3rd_f,cntx_pst
বলালাম,Past,1st,cntx_pst
বলালি,Past,2nd_i,cntx_pst
বলালুম,Past,1st,cntx_pst
বলালে,Past,2nd_f,cntx_pst
বলালেন,Past,pol_f,cntx_pst
বলালেম,Past,1st,cntx_pst
বলাস,Present,2nd_i,cntx_prt
বলি,Past,2nd_i,cntx_pst
বলিও,Present,2nd_f,cntx_prt
বলিত,Past,3rd_f,cntx_pst
বলিতাম,Past,1st,cntx_pst
বলিতিস,Past,2nd_i,cntx_pst
বলিতে,Past,2nd_f,cntx_pst
বলিতেছ,Present,2nd_f,cntx_prt
বলিতেছি,Present,1st,cntx_prt
বলিতেছিল,Past,3rd_f,cntx_pst
বলিতেছিলাম,Past,1st,cntx_pst
বলিতেছিলি,Past,2nd_i,cntx_pst
বলিতেছিলে,Past,2nd_f,cntx_pst
বলিতেছিলেন,Past,pol_f,cntx_pst
বলিতেছিস,Present,2nd_i,cntx_prt
বলিতেছে,Present,3rd_f,cntx_prt
বলিতেছেন,Present,pol_f,cntx_prt
বলিতেন,Past,pol_f,cntx_pst
বলিব,Future,1st,cntx_fut
বলিবার,Present,404_f,cntx_404
বলিবি,Future,2nd_i,cntx_fut
বলিবে,Future,2nd_f,cntx_fut
বলিবেন,Future,pol_f,cntx_fut
বলিয়া,Participle,404_f,cntx_404
বলিয়াছ,Present,2nd_f,cntx_prt
বলিয়াছি,Present,1st,cntx_prt
বলিয়াছিল,Past,3rd_f,cntx_pst
বলিয়াছিলাম,Past,1st,cntx_pst
বলিয়াছিলি,Past,2nd_i,cntx_pst
বলিয়াছিলে,Past,2nd_f,cntx_pst
বলিয়াছিলেন,Past,pol_f,cntx_pst
বলিয়াছিস,Present,2nd_i,cntx_prt
বলিয়াছে,Present,3rd_f,cntx_prt
বলিয়াছেন,Present,pol_f,cntx_prt
বলিয়ে,Participle,404_f,cntx_404
বলিয়েছ,Present,2nd_f,cntx_prt
বলিয়েছি,Present,1st,cntx_prt
বলিয়েছিল,Past,3rd_f,cntx_pst
বলিয়েছিলাম,Past,1st,cntx_pst
বলিয়েছিলি,Past,2nd_i,cntx_pst
বলিয়েছিলুম,Past,1st,cntx_pst
বলিয়েছিলে,Past,2nd_f,cntx_pst
বলিয়েছিলেন,Past,pol_f,cntx_pst
বলিয়েছিলেম,Past,1st,cntx_pst
বলিয়েছিস,Present,2nd_i,cntx_prt
বলিয়েছে,Present,3rd_f,cntx_prt
বলিয়েছেন,Present,pol_f,cntx_prt
বলিয়ো,Present,2nd_f,cntx_prt
বলিল,Past,3rd_f,cntx_pst
বলিলাম,Past,1st,cntx_pst
বলিলি,Past,2nd_i,cntx_pst
বলিলে,Past,2nd_f,cntx_pst
বলিলেন,Past,pol_f,cntx_pst
বলিস,Present,2nd_i,cntx_prt
বলুক,Present,3rd_f,cntx_prt
বলুন,Present,pol_f,cntx_prt
বলে,Past,2nd_f,cntx_pst
বলেছ,Present,2nd_f,cntx_prt
বলেছি,Present,1st,cntx_prt
বলেছিল,Past,3rd_f,cntx_pst
বলেছিলাম,Past,1st,cntx_pst
বলেছিলি,Past,2nd_i,cntx_pst
বলেছিলুম,Past,1st,cntx_pst
বলেছিলে,Past,2nd_f,cntx_pst
বলেছিলেন,Past,pol_f,cntx_pst
বলেছিলেম,Past,1st,cntx_pst
বলেছিস,Present,2nd_i,cntx_prt
বলেছে,Present,3rd_f,cntx_prt
বলেছেন,Present,pol_f,cntx_prt
বলেন,Past,pol_f,cntx_pst
বলো,Present,2nd_f,cntx_prt
বলছ,Present,2nd_f,cntx_prt
বলছি,Present,1st,cntx_prt
বলছিল,Past,3rd_f,cntx_pst
বলছিলাম,Past,1st,cntx_pst
বলছিলি,Past,2nd_i,cntx_pst
বলছিলুম,Past,1st,cntx_pst
বলছিলে,Past,2nd_f,cntx_pst
বলছিলেন,Past,pol_f,cntx_pst
বলছিলেম,Past,1st,cntx_pst
বলছিস,Present,2nd_i,cntx_prt
বলছে,Present,3rd_f,cntx_prt
বলছেন,Present,pol_f,cntx_prt
বলত,Past,3rd_f,cntx_pst
বলতাম,Past,1st,cntx_pst
বলতিস,Past,2nd_i,cntx_pst
বলতুম,Past,1st,cntx_pst
বলতে,Past,2nd_f,cntx_pst
বলতেন,Past,pol_f,cntx_pst
বলতেম,Past,1st,cntx_pst
বলব,Future,1st,cntx_fut
বলবার,Present,404_f,cntx_404
বলবি,Future,2nd_i,cntx_fut
বলবে,Future,2nd_f,cntx_fut
বলবেন,Future,pol_f,cntx_fut
বলবো,Future,1st,cntx_fut
বলল,Past,3rd_f,cntx_pst
বললাম,Past,1st,cntx_pst
বললি,Past,2nd_i,cntx_pst
বললুম,Past,1st,cntx_pst
বললে,Past,2nd_f,cntx_pst
বললেন,Past,pol_f,cntx_pst
বললেম,Past,1st,cntx_pst
ভাব,Root,2nd_i,cntx_prt
ভাবা,Base,pos_f,cntx_alt
ভাবাই,Present,1st,cntx_prt
ভাবাইও,Present,2nd_f,cntx_prt
ভাবাইত,Past,3rd_f,cntx_pst
ভাবাইতাম,Past,1st,cntx_pst
ভাবাইতিস,Past,2nd_i,cntx_pst
ভাবাইতে,Past,2nd_f,cntx_pst
ভাবাইতেছ,Present,2nd_f,cntx_prt
ভাবাইতেছি,Present,1st,cntx_prt
ভাবাইতেছিল,Past,3rd_f,cntx_pst
ভাবাইতেছিলাম,Past,1st,cntx_pst
ভাবাইতেছিলি,Past,2nd_i,cntx_pst
ভাবাইতেছিলে,Past,2nd_f,cntx_pst
ভাবাইতেছিলেন,Past,pol_f,cntx_pst
ভাবাইতেছিস,Present,2nd_i,cntx_prt
ভাবাইতেছে,Present,3rd_f,cntx_prt
ভাবাইতেছেন,Present,pol_f,cntx_prt
ভাবাইতেন,Past,pol_f,cntx_pst
ভাবাইব,Future,1st,cntx_fut
ভাবাইবার,Present,404_f,cntx_404
ভাবাইবি,Future,2nd_i,cntx_fut
ভাবাইবে,Future,2nd_f,cntx_fut
ভাবাইবেন,Future,pol_f,cntx_fut
ভাবাইয়া,Participle,404_f,cntx_404
ভাবাইয়াছ,Present,2nd_f,cntx_prt
ভাবাইয়াছি,Present,1st,cntx_prt
ভাবাইয়াছিল,Past,3rd_f,cntx_pst
ভাবাইয়াছিলাম,Past,1st,cntx_pst
ভাবাইয়াছিলি,Past,2nd_i,cntx_pst
ভাবাইয়াছিলে,Past,2nd_f,cntx_pst
ভাবাইয়াছিলেন,Past,pol_f,cntx_pst
ভাবাইয়াছিস,Present,2nd_i,cntx_prt
ভাবাইয়াছে,Present,3rd_f,cntx_prt
ভাবাইয়াছেন,Present,pol_f,cntx_prt
ভাবাইয়ো,Present,2nd_f,cntx_prt
ভাবাইল,Past,3rd_f,cntx_pst
ভাবাইলাম,Past,1st,cntx_pst
ভাবাইলি,Past,2nd_i,cntx_pst
ভাবাইলে,Past,2nd_f,cntx_pst
ভাবাইলেন,Past,pol_f,cntx_pst
ভাবাও,Present,2nd_f,cntx_prt
ভাবাক,Present,3rd_f,cntx_prt
ভাবাচ্ছ,Present,2nd_f,cntx_prt
ভাবাচ্ছি,Present,1st,cntx_prt
ভাবাচ্ছিল,Past,3rd_f,cntx_pst
ভাবাচ্ছিলাম,Past,1st,cntx_pst
ভাবাচ্ছিলি,Past,2nd_i,cntx_pst
ভাবাচ্ছিলুম,Past,1st,cntx_pst
ভাবাচ্ছিলে,Past,2nd_f,cntx_pst
ভাবাচ্ছিলেন,Past,pol_f,cntx_pst
ভাবাচ্ছিলেম,Past,1st,cntx_pst
ভাবাচ্ছিস,Present,2nd_i,cntx_prt
ভাবাচ্ছে,Present,3rd_f,cntx_prt
ভাবাচ্ছেন,Present,pol_f,cntx_prt
ভাবাত,Past,3rd_f,cntx_pst
ভাবাতাম,Past,1st,cntx_pst
ভাবাতিস,Past,2nd_i,cntx_pst
ভাবাতুম,Past,1st,cntx_pst
ভাবাতে,Past,2nd_f,cntx_pst
ভাবাতেন,Past,pol_f,cntx_pst
ভাবাতেম,Past,1st,cntx_pst
ভাবান,Present,pol_f,cntx_prt
ভাবানো,Present,obj_f,cntx_alt
ভাবাব,Future,1st,cntx_fut
ভাবাবার,Present,404_f,cntx_404
ভাবাবি,Future,2nd_i,cntx_fut
ভাবাবে,Future,2nd_f,cntx_fut
ভাবাবেন,Future,pol_f,cntx_fut
ভাবাবো,Future,1st,cntx_fut
ভাবায়,Present,3rd_f,cntx_prt
ভাবার,Present,404_f,cntx_404
ভাবাল,Past,3rd_f,cntx_pst
ভাবালাম,Past,1st,cntx_pst
ভাবালি,Past,2nd_i,cntx_pst
ভাবালুম,Past,1st,cntx_pst
ভাবালে,Past,2nd_f,cntx_pst
ভাবালেন,Past,pol_f,cntx_pst
ভাবালেম,Past,1st,cntx_pst
ভাবাস,Present,2nd_i,cntx_prt
ভাবি,Future,2nd_i,cntx_fut
ভাবিও,Present,2nd_f,cntx_prt
ভাবিত,Past,3rd_f,cntx_pst
ভাবিতাম,Past,1st,cntx_pst
ভাবিতিস,Past,2nd_i,cntx_pst
ভাবিতে,Past,2nd_f,cntx_pst
ভাবিতেছ,Present,2nd_f,cntx_prt
ভাবিতেছি,Present,1st,cntx_prt
ভাবিতেছিল,Past,3rd_f,cntx_pst
ভাবিতেছিলাম,Past,1st,cntx_pst
ভাবিতেছিলি,Past,2nd_i,cntx_pst
ভাবিতেছিলে,Past,2nd_f,cntx_pst
ভাবিতেছিলেন,Past,pol_f,cntx_pst
ভাবিতেছিস,Present,2nd_i,cntx_prt
ভাবিতেছে,Present,3rd_f,cntx_prt
ভাবিতেছেন,Present,pol_f,cntx_prt
ভাবিতেন,Past,pol_f,cntx_pst
ভাবিব,Future,1st,cntx_fut
ভাবিবার,Present,404_f,cntx_404
ভাবিবি,Future,2nd_i,cntx_fut
ভাবিবে,Future,2nd_f,cntx_fut
ভাবিবেন,Future,pol_f,cntx_fut
ভাবিয়া,Participle,404_f,cntx_404
ভাবিয়াছ,Present,2nd_f,cntx_prt
ভাবিয়াছি,Present,1st,cntx_prt
ভাবিয়াছিল,Past,3rd_f,cntx_pst
ভাবিয়াছিলাম,Past,1st,cntx_pst
ভাবিয়াছিলি,Past,2nd_i,cntx_pst
ভাবিয়াছিলে,Past,2nd_f,cntx_pst
ভাবিয়াছিলেন,Past,pol_f,cntx_pst
ভাবিয়াছিস,Present,2nd_i,cntx_prt
ভাবিয়াছে,Present,3rd_f,cntx_prt
ভাবিয়াছেন,Present,pol_f,cntx_prt
ভাবিয়ে,Participle,404_f,cntx_404
ভাবিয়েছ,Present,2nd_f,cntx_prt
ভাবিয়েছি,Present,1st,cntx_prt
ভাবিয়েছিল,Past,3rd_f,cntx_pst
ভাবিয়েছিলাম,Past,1st,cntx_pst
ভাবিয়েছিলি,Past,2nd_i,cntx_pst
ভাবিয়েছিলুম,Past,1st,cntx_pst
ভাবিয়েছিলে,Past,2nd_f,cntx_pst
ভাবিয়েছিলেন,Past,pol_f,cntx_pst
ভাবিয়েছিলেম,Past,1st,cntx_pst
ভাবিয়েছিস,Present,2nd_i,cntx_prt
ভাবিয়েছে,Present,3rd_f,cntx_prt
ভাবিয়েছেন,Present,pol_f,cntx_prt
ভাবিয়ো,Present,2nd_f,cntx_prt
ভাবিল,Past,3rd_f,cntx_pst
ভাবিলাম,Past,1st,cntx_pst
ভাবিলি,Past,2nd_i,cntx_pst
ভাবিলে,Past,2nd_f,cntx_pst
ভাবিলেন,Past,pol_f,cntx_pst
ভাবিস,Present,2nd_i,cntx_prt
ভাবুক,Present,3rd_f,cntx_prt
ভাবুন,Present,pol_f,cntx_prt
ভাবে,Future,2nd_f,cntx_fut
ভাবেন,Future,pol_f,cntx_fut
ভাবছ,Present,2nd_f,cntx_prt
ভাবছি,Present,1st,cntx_prt
ভাবছিল,Past,3rd_f,cntx_pst
ভাবছিলাম,Past,1st,cntx_pst
ভাবছিলি,Past,2nd_i,cntx_pst
ভাবছিলুম,Past,1st,cntx_pst
ভাবছিলে,Past,2nd_f,cntx_pst
ভাবছিলেন,Past,pol_f,cntx_pst
ভাবছিলেম,Past,1st,cntx_pst
ভাবছিস,Present,2nd_i,cntx_prt
ভাবছে,Present,3rd_f,cntx_prt
ভাবছেন,Present,pol_f,cntx_prt
ভাবত,Past,3rd_f,cntx_pst
ভাবতাম,Past,1st,cntx_pst
ভাবতিস,Past,2nd_i,cntx_pst
ভাবতুম,Past,1st,cntx_pst
ভাবতে,Past,2nd_f,cntx_pst
ভাবতেন,Past,pol_f,cntx_pst
ভাবতেম,Past,1st,cntx_pst
ভাবব,Future,1st,cntx_fut
ভাববার,Present,404_f,cntx_404
ভাববি,Future,2nd_i,cntx_fut
ভাববে,Future,2nd_f,cntx_fut
ভাববেন,Future,pol_f,cntx_fut
ভাববো,Future,1st,cntx_fut
ভাবল,Past,3rd_f,cntx_pst
ভাবলাম,Past,1st,cntx_pst
ভাবলি,Past,2nd_i,cntx_pst
ভাবলুম,Past,1st,cntx_pst
ভাবলে,Past,2nd_f,cntx_pst
ভাবলেন,Past,pol_f,cntx_pst
ভাবলেম,Past,1st,cntx_pst
ভোগ,Root,2nd_i,cntx_prt
ভোগা,Base,pos_f,cntx_alt
ভোগাই,Present,1st,cntx_prt
ভোগাও,Present,2nd_f,cntx_prt
ভোগাক,Present,3rd_f,cntx_prt
ভোগাচ্ছ,Present,2nd_f,cntx_prt
ভোগাচ্ছি,Present,1st,cntx_prt
ভোগাচ্ছিল,Past,3rd_f,cntx_pst
ভোগাচ্ছিলাম,Past,1st,cntx_pst
ভোগাচ্ছিলি,Past,2nd_i,cntx_pst
ভোগাচ্ছিলুম,Past,1st,cntx_pst
ভোগাচ্ছিলে,Past,2nd_f,cntx_pst
ভোগাচ্ছিলেন,Past,pol_f,cntx_pst
ভোগাচ্ছিলেম,Past,1st,cntx_pst
ভোগাচ্ছিস,Present,2nd_i,cntx_prt
ভোগাচ্ছে,Present,3rd_f,cntx_prt
ভোগাচ্ছেন,Present,pol_f,cntx_prt
ভোগাত,Past,3rd_f,cntx_pst
ভোগাতাম,Past,1st,cntx_pst
ভোগাতিস,Past,2nd_i,cntx_pst
ভোগাতুম,Past,1st,cntx_pst
ভোগাতে,Past,2nd_f,cntx_pst
ভোগাতেন,Past,pol_f,cntx_pst
ভোগাতেম,Past,1st,cntx_pst
ভোগান,Present,pol_f,cntx_prt
ভোগানো,Present,obj_f,cntx_alt
ভোগাব,Future,1st,cntx_fut
ভোগাবার,Present,404_f,cntx_404
ভোগাবি,Future,2nd_i,cntx_fut
ভোগাবে,Future,2nd_f,cntx_fut
ভোগাবেন,Future,pol_f,cntx_fut
ভোগাবো,Future,1st,cntx_fut
ভোগায়,Present,3rd_f,cntx_prt
ভোগার,Present,404_f,cntx_404
ভোগাল,Past,3rd_f,cntx_pst
ভোগালাম,Past,1st,cntx_pst
ভোগালি,Past,2nd_i,cntx_pst
ভোগালুম,Past,1st,cntx_pst
ভোগালে,Past,2nd_f,cntx_pst
ভোগালেন,Past,pol_f,cntx_pst
ভোগালেম,Past,1st,cntx_pst
ভোগাস,Present,2nd_i,cntx_prt
ভোগে,Present,3rd_f,cntx_prt
ভোগেন,Present,pol_f,cntx_prt
ভোগবার,Present,404_f,cntx_404
মর,Root,2nd_i,cntx_prt
মরা,Base,pos_f,cntx_alt
মরার,Present,404_f,cntx_404
মরি,Present,1st,cntx_prt
মরিও,Present,2nd_f,cntx_prt
মরিত,Past,3rd_f,cntx_pst
মরিতাম,Past,1st,cntx_pst
মরিতিস,Past,2nd_i,cntx_pst
মরিতে,Past,2nd_f,cntx_pst
মরিতেছ,Present,2nd_f,cntx_prt
মরিতেছি,Present,1st,cntx_prt
মরিতেছিল,Past,3rd_f,cntx_pst
মরিতেছিলাম,Past,1st,cntx_pst
মরিতেছিলি,Past,2nd_i,cntx_pst
মরিতেছিলে,Past,2nd_f,cntx_pst
মরিতেছিলেন,Past,pol_f,cntx_pst
মরিতেছিস,Present,2nd_i,cntx_prt
মরিতেছে,Present,3rd_f,cntx_prt
মরিতেছেন,Present,pol_f,cntx_prt
মরিতেন,Past,pol_f,cntx_pst
মরিব,Future,1st,cntx_fut
মরিবার,Present,404_f,cntx_404
মরিবি,Future,2nd_i,cntx_fut
মরিবে,Future,2nd_f,cntx_fut
মরিবেন,Future,pol_f,cntx_fut
মরিয়া,Participle,404_f,cntx_404
মরিয়াছ,Present,2nd_f,cntx_prt
মরিয়াছি,Present,1st,cntx_prt
মরিয়াছিল,Past,3rd_f,cntx_pst
মরিয়াছিলাম,Past,1st,cntx_pst
মরিয়াছিলি,Past,2nd_i,cntx_pst
মরিয়াছিলে,Past,2nd_f,cntx_pst
মরিয়াছিলেন,Past,pol_f,cntx_pst
মরিয়াছিস,Present,2nd_i,cntx_prt
মরিয়াছে,Present,3rd_f,cntx_prt
মরিয়াছেন,Present,pol_f,cntx_prt
মরিয়ো,Present,2nd_f,cntx_prt
মরিল,Past,3rd_f,cntx_pst
মরিলাম,Past,1st,cntx_pst
মরিলি,Past,2nd_i,cntx_pst
মরিলে,Past,2nd_f,cntx_pst
মরিলেন,Past,pol_f,cntx_pst
মরিস,Present,2nd_i,cntx_prt
মরুক,Present,3rd_f,cntx_prt
মরুন,Present,pol_f,cntx_prt
মরে,Present,3rd_f,cntx_prt
মরেছ,Present,2nd_f,cntx_prt
মরেছি,Present,1st,cntx_prt
মরেছিল,Past,3rd_f,cntx_pst
মরেছিলাম,Past,1st,cntx_pst
মরেছিলি,Past,2nd_i,cntx_pst
মরেছিলুম,Past,1st,cntx_pst
মরেছিলে,Past,2nd_f,cntx_pst
মরেছিলেন,Past,pol_f,cntx_pst
মরেছিলেম,Past,1st,cntx_pst
মরেছিস,Present,2nd_i,cntx_prt
মরেছে,Present,3rd_f,cntx_prt
মরেছেন,Present,pol_f,cntx_prt
মরেন,Present,pol_f,cntx_prt
মরো,Present,2nd_f,cntx_prt
মরছ,Present,2nd_f,cntx_prt
মরছি,Present,1st,cntx_prt
মরছিল,Past,3rd_f,cntx_pst
মরছিলাম,Past,1st,cntx_pst
মরছিলি,Past,2nd_i,cntx_pst
মরছিলুম,Past,1st,cntx_pst
মরছিলে,Past,2nd_f,cntx_pst
মরছিলেন,Past,pol_f,cntx_pst
মরছিলেম,Past,1st,cntx_pst
মরছিস,Present,2nd_i,cntx_prt
মরছে,Present,3rd_f,cntx_prt
মরছেন,Present,pol_f,cntx_prt
মরত,Past,3rd_f,cntx_pst
মরতাম,Past,1st,cntx_pst
মরতিস,Past,2nd_i,cntx_pst
মরতুম,Past,1st,cntx_pst
মরতে,Past,2nd_f,cntx_pst
মরতেন,Past,pol_f,cntx_pst
মরতেম,Past,1st,cntx_pst
মরব,Future,1st,cntx_fut
মরবার,Present,404_f,cntx_404
মরবি,Future,2nd_i,cntx_fut
মরবে,Future,2nd_f,cntx_fut
মরবেন,Future,pol_f,cntx_fut
মরবো,Future,1st,cntx_fut
মরল,Past,3rd_f,cntx_pst
মরলাম,Past,1st,cntx_pst
মরলি,Past,2nd_i,cntx_pst
মরলুম,Past,1st,cntx_pst
মরলে,Past,2nd_f,cntx_pst
মরলেন,Past,pol_f,cntx_pst
মরলেম,Past,1st,cntx_pst
যা,Root,2nd_i,cntx_prt
যাই,Present,1st,cntx_prt
যাইও,Present,2nd_f,cntx_prt
যাইত,Past,3rd_f,cntx_pst
যাইতাম,Past,1st,cntx_pst
যাইতিস,Past,2nd_i,cntx_pst
যাইতে,Past,2nd_f,cntx_pst
যাইতেছ,Present,2nd_f,cntx_prt
যাইতেছি,Present,1st,cntx_prt
যাইতেছিল,Past,3rd_f,cntx_pst
যাইতেছিলাম,Past,1st,cntx_pst
যাইতেছিলি,Past,2nd_i,cntx_pst
যাইতেছিলে,Past,2nd_f,cntx_pst
যাইতেছিলেন,Past,pol_f,cntx_pst
যাইতেছিস,Present,2nd_i,cntx_prt
যাইতেছে,Present,3rd_f,cntx_prt
যাইতেছেন,Present,pol_f,cntx_prt
যাইতেন,Past,pol_f,cntx_pst
যাইব,Future,1st,cntx_fut
যাইবার,Present,404_f,cntx_404
যাইবি,Future,2nd_i,cntx_fut
যাইবে,Future,2nd_f,cntx_fut
যাইবেন,Future,pol_f,cntx_fut
যাইয়া,Participle,404_f,cntx_404
যাইয়ো,Present,2nd_f,cntx_prt
যাইল,Past,3rd_f,cntx_pst
যাইলাম,Past,1st,cntx_pst
যাইলি,Past,2nd_i,cntx_pst
যাইলে,Past,2nd_f,cntx_pst
যাইলেন,Past,pol_f,cntx_pst
যাও,Present,2nd_f,cntx_prt
যাওয়া,Base,pos_f,cntx_alt
যাক,Present,3rd_f,cntx_prt
লেখ,Root,2nd_i,cntx_prt
লেখা,Base,pos_f,cntx_alt
লেখাই,Present,1st,cntx_prt
লেখাও,Present,2nd_f,cntx_prt
লেখাক,Present,3rd_f,cntx_prt
লেখাচ্ছ,Present,2nd_f,cntx_prt
লেখাচ্ছি,Present,1st,cntx_prt
লেখাচ্ছিল,Past,3rd_f,cntx_pst
লেখাচ্ছিলাম,Past,1st,cntx_pst
লেখাচ্ছিলি,Past,2nd_i,cntx_pst
লেখাচ্ছিলুম,Past,1st,cntx_pst
লেখাচ্ছিলে,Past,2nd_f,cntx_pst
লেখাচ্ছিলেন,Past,pol_f,cntx_pst
লেখাচ্ছিলেম,Past,1st,cntx_pst
লেখাচ্ছিস,Present,2nd_i,cntx_prt
লেখাচ্ছে,Present,3rd_f,cntx_prt
লেখাচ্ছেন,Present,pol_f,cntx_prt
লেখাত,Past,3rd_f,cntx_pst
লেখাতাম,Past,1st,cntx_pst
লেখাতিস,Past,2nd_i,cntx_pst
লেখাতুম,Past,1st,cntx_pst
লেখাতে,Past,2nd_f,cntx_pst
লেখাতেন,Past,pol_f,cntx_pst
লেখাতেম,Past,1st,cntx_pst
লেখান,Present,pol_f,cntx_prt
লেখানো,Present,obj_f,cntx_alt
লেখাব,Future,1st,cntx_fut
লেখাবার,Present,404_f,cntx_404
লেখাবি,Future,2nd_i,cntx_fut
লেখাবে,Future,2nd_f,cntx_fut
লেখাবেন,Future,pol_f,cntx_fut
লেখাবো,Future,1st,cntx_fut
লেখায়,Present,3rd_f,cntx_prt
লেখার,Present,404_f,cntx_404
লেখাল,Past,3rd_f,cntx_pst
লেখালাম,Past,1st,cntx_pst
লেখালি,Past,2nd_i,cntx_pst
লেখালুম,Past,1st,cntx_pst
লেখালে,Past,2nd_f,cntx_pst
লেখালেন,Past,pol_f,cntx_pst
লেখালেম,Past,1st,cntx_pst
লেখাস,Present,2nd_i,cntx_prt
লেখে,Present,3rd_f,cntx_prt
লেখেন,Present,pol_f,cntx_prt
লেখবার,Present,404_f,cntx_404
শোন,Root,2nd_i,cntx_prt
শোনা,Base,pos_f,cntx_alt
শোনাই,Present,1st,cntx_prt
শোনাও,Present,2nd_f,cntx_prt
শোনাক,Present,3rd_f,cntx_prt
শোনাচ্ছ,Present,2nd_f,cntx_prt
শোনাচ্ছি,Present,1st,cntx_prt
শোনাচ্ছিল,Past,3rd_f,cntx_pst
শোনাচ্ছিলাম,Past,1st,cntx_pst
শোনাচ্ছিলি,Past,2nd_i,cntx_pst
শোনাচ্ছিলুম,Past,1st,cntx_pst
শোনাচ্ছিলে,Past,2nd_f,cntx_pst
শোনাচ্ছিলেন,Past,pol_f,cntx_pst
শোনাচ্ছিলেম,Past,1st,cntx_pst
শোনাচ্ছিস,Present,2nd_i,cntx_prt
শোনাচ্ছে,Present,3rd_f,cntx_prt
শোনাচ্ছেন,Present,pol_f,cntx_prt
শোনাত,Past,3rd_f,cntx_pst
শোনাতাম,Past,1st,cntx_pst
শোনাতিস,Past,2nd_i,cntx_pst
শোনাতুম,Past,1st,cntx_pst
শোনাতে,Past,2nd_f,cntx_pst
শোনাতেন,Past,pol_f,cntx_pst
শোনাতেম,Past,1st,cntx_pst
শোনান,Present,pol_f,cntx_prt
শোনানো,Present,obj_f,cntx_alt
শোনাব,Future,1st,cntx_fut
শোনাবার,Present,404_f,cntx_404
শোনাবি,Future,2nd_i,cntx_fut
শোনাবে,Future,2nd_f,cntx_fut
শোনাবেন,Future,pol_f,cntx_fut
শোনাবো,Future,1st,cntx_fut
শোনায়,Present,3rd_f,cntx_prt
শোনার,Present,404_f,cntx_404
শোনাল,Past,3rd_f,cntx_pst
শোনালাম,Past,1st,cntx_pst
শোনালি,Past,2nd_i,cntx_pst
শোনালুম,Past,1st,cntx_pst
শোনালে,Past,2nd_f,cntx_pst
শোনালেন,Past,pol_f,cntx_pst
শোনালেম,Past,1st,cntx_pst
শোনাস,Present,2nd_i,cntx_prt
শোনে,Present,3rd_f,cntx_prt
শোনেন,Present,pol_f,cntx_prt
শোনবার,Present,404_f,cntx_404
হাসা,Base,pos_f,cntx_alt
হাসাই,Present,1st,cntx_prt
হাসাইও,Present,2nd_f,cntx_prt
হাসাইত,Past,3rd_f,cntx_pst
হাসাইতাম,Past,1st,cntx_pst
হাসাইতিস,Past,2nd_i,cntx_pst
হাসাইতে,Past,2nd_f,cntx_pst
হাসাইতেছ,Present,2nd_f,cntx_prt
হাসাইতেছি,Present,1st,cntx_prt
হাসাইতেছিল,Past,3rd_f,cntx_pst
হাসাইতেছিলাম,Past,1st,cntx_pst
হাসাইতেছিলি,Past,2nd_i,cntx_pst
হাসাইতেছিলে,Past,2nd_f,cntx_pst
হাসাইতেছিলেন,Past,pol_f,cntx_pst
হাসাইতেছিস,Present,2nd_i,cntx_prt
হাসাইতেছে,Present,3rd_f,cntx_prt
হাসাইতেছেন,Present,pol_f,cntx_prt
হাসাইতেন,Past,pol_f,cntx_pst
হাসাইব,Future,1st,cntx_fut
হাসাইবার,Present,404_f,cntx_404
হাসাইবি,Future,2nd_i,cntx_fut
হাসাইবে,Future,2nd_f,cntx_fut
হাসাইবেন,Future,pol_f,cntx_fut
হাসাইয়া,Participle,404_f,cntx_404
হাসাইয়াছ,Present,2nd_f,cntx_prt
হাসাইয়াছি,Present,1st,cntx_prt
হাসাইয়াছিল,Past,3rd_f,cntx_pst
হাসাইয়াছিলাম,Past,1st,cntx_pst
হাসাইয়াছিলি,Past,2nd_i,cntx_pst
হাসাইয়াছিলে,Past,2nd_f,cntx_pst
হাসাইয়াছিলেন,Past,pol_f,cntx_pst
হাসাইয়াছিস,Present,2nd_i,cntx_prt
হাসাইয়াছে,Present,3rd_f,cntx_prt
হাসাইয়াছেন,Present,pol_f,cntx_prt
হাসাইয়ো,Present,2nd_f,cntx_prt
হাসাইল,Past,3rd_f,cntx_pst
হাসাইলাম,Past,1st,cntx_pst
হাসাইলি,Past,2nd_i,cntx_pst
হাসাইলে,Past,2nd_f,cntx_pst
হাসাইলেন,Past,pol_f,cntx_pst
হাসাও,Present,2nd_f,cntx_prt
হাসাক,Present,3rd_f,cntx_prt
হাসাচ্ছ,Present,2nd_f,cntx_prt
হাসাচ্ছি,Present,1st,cntx_prt
হাসাচ্ছিল,Past,3rd_f,cntx_pst
হাসাচ্ছিলাম,Past,1st,cntx_pst
হাসাচ্ছিলি,Past,2nd_i,cntx_pst
হাসাচ্ছিলুম,Past,1st,cntx_pst
হাসাচ্ছিলে,Past,2nd_f,cntx_pst
হাসাচ্ছিলেন,Past,pol_f,cntx_pst
হাসাচ্ছিলেম,Past,1st,cntx_pst
হাসাচ্ছিস,Present,2nd_i,cntx_prt
হাসাচ্ছে,Present,3rd_f,cntx_prt
হাসাচ্ছেন,Present,pol_f,cntx_prt
হাসাত,Past,3rd_f,cntx_pst
হাসাতাম,Past,1st,cntx_pst
হাসাতিস,Past,2nd_i,cntx_pst
হাসাতুম,Past,1st,cntx_pst
হাসাতে,Past,2nd_f,cntx_pst
হাসাতেন,Past,pol_f,cntx_pst
হাসাতেম,Past,1st,cntx_pst
হাসান,Present,pol_f,cntx_prt
হাসানো,Present,obj_f,cntx_alt
হাসাব,Future,1st,cntx_fut
হাসাবার,Present,404_f,cntx_404
হাসাবি,Future,2nd_i,cntx_fut
হাসাবে,Future,2nd_f,cntx_fut
হাসাবেন,Future,pol_f,cntx_fut
হাসাবো,Future,1st,cntx_fut
হাসায়,Present,3rd_f,cntx_prt
হাসার,Present,404_f,cntx_404
হাসাল,Past,3rd_f,cntx_pst
হাসালাম,Past,1st,cntx_pst
হাসালি,Past,2nd_i,cntx_pst
হাসালুম,Past,1st,cntx_pst
হাসালে,Past,2nd_f,cntx_pst
হাসালেন,Past,pol_f,cntx_pst
হাসালেম,Past,1st,cntx_pst
হাসাস,Present,2nd_i,cntx_prt
হাসিও,Present,2nd_f,cntx_prt
হাসিত,Past,3rd_f,cntx_pst
হাসিতাম,Past,1st,cntx_pst
হাসিতিস,Past,2nd_i,cntx_pst
হাসিতে,Past,2nd_f,cntx_pst
হাসিতেছ,Present,2nd_f,cntx_prt
হাসিতেছি,Present,1st,cntx_prt
হাসিতেছিল,Past,3rd_f,cntx_pst
হাসিতেছিলাম,Past,1st,cntx_pst
হাসিতেছিলি,Past,2nd_i,cntx_pst
হাসিতেছিলে,Past,2nd_f,cntx_pst
হাসিতেছিলেন,Past,pol_f,cntx_pst
হাসিতেছিস,Present,2nd_i,cntx_prt
হাসিতেছে,Present,3rd_f,cntx_prt
হাসিতেছেন,Present,pol_f,cntx_prt
হাসিতেন,Past,pol_f,cntx_pst
হাসিব,Future,1st,cntx_fut
হাসিবার,Present,404_f,cntx_404
হাসিবি,Future,2nd_i,cntx_fut
হাসিবে,Future,2nd_f,cntx_fut
হাসিবেন,Future,pol_f,cntx_fut
হাসিয়া,Participle,404_f,cntx_404
হাসিয়াছ,Present,2nd_f,cntx_prt
হাসিয়াছি,Present,1st,cntx_prt
হাসিয়াছিল,Past,3rd_f,cntx_pst
হাসিয়াছিলাম,Past,1st,cntx_pst
হাসিয়াছিলি,Past,2nd_i,cntx_pst
হাসিয়াছিলে,Past,2nd_f,cntx_pst
হাসিয়াছিলেন,Past,pol_f,cntx_pst
হাসিয়াছিস,Present,2nd_i,cntx_prt
হাসিয়াছে,Present,3rd_f,cntx_prt
হাসিয়াছেন,Present,pol_f,cntx_prt
হাসিয়ে,Participle,404_f,cntx_404
হাসিয়েছ,Present,2nd_f,cntx_prt
হাসিয়েছি,Present,1st,cntx_prt
হাসিয়েছিল,Past,3rd_f,cntx_pst
হাসিয়েছিলাম,Past,1st,cntx_pst
হাসিয়েছিলি,Past,2nd_i,cntx_pst
হাসিয়েছিলুম,Past,1st,cntx_pst
হাসিয়েছিলে,Past,2nd_f,cntx_pst
হাসিয়েছিলেন,Past,pol_f,cntx_pst
হাসিয়েছিলেম,Past,1st,cntx_pst
হাসিয়েছিস,Present,2nd_i,cntx_prt
হাসিয়েছে,Present,3rd_f,cntx_prt
হাসিয়েছেন,Present,pol_f,cntx_prt
হাসিয়ো,Present,2nd_f,cntx_prt
হাসিলাম,Past,1st,cntx_pst
হাসিলি,Past,2nd_i,cntx_pst
হাসিলে,Past,2nd_f,cntx_pst
হাসিলেন,Past,pol_f,cntx_pst
হাসিস,Present,2nd_i,cntx_prt
হাসুক,Present,3rd_f,cntx_prt
হাসুন,Present,pol_f,cntx_prt
হাসে,Present,3rd_f,cntx_prt
হাসেন,Present,pol_f,cntx_prt
হাসছ,Present,2nd_f,cntx_prt
হাসছি,Present,1st,cntx_prt
হাসছিল,Past,3rd_f,cntx_pst
হাসছিলাম,Past,1st,cntx_pst
হাসছিলি,Past,2nd_i,cntx_pst
হাসছিলুম,Past,1st,cntx_pst
হাসছিলে,Past,2nd_f,cntx_pst
হাসছিলেন,Past,pol_f,cntx_pst
হাসছিলেম,Past,1st,cntx_pst
হাসছিস,Present,2nd_i,cntx_prt
হাসছে,Present,3rd_f,cntx_prt
হাসছেন,Present,pol_f,cntx_prt
হাসত,Past,3rd_f,cntx_pst
হাসতাম,Past,1st,cntx_pst
হাসতিস,Past,2nd_i,cntx_pst
হাসতুম,Past,1st,cntx_pst
হাসতে,Past,2nd_f,cntx_pst
হাসতেন,Past,pol_f,cntx_pst
হাসতেম,Past,1st,cntx_pst
হাসব,Future,1st,cntx_fut
হাসবার,Present,404_f,cntx_404
হাসবি,Future,2nd_i,cntx_fut
হাসবে,Future,2nd_f,cntx_fut
হাসবেন,Future,pol_f,cntx_fut
হাসবো,Future,1st,cntx_fut
হাসল,Past,3rd_f,cntx_pst
হাসলাম,Past,1st,cntx_pst
হাসলি,Past,2nd_i,cntx_pst
হাসলুম,Past,1st,cntx_pst
হাসলে,Past,2nd_f,cntx_pst
হাসলেন,Past,pol_f,cntx_pst
হাসলেম,Past,1st,cntx_pst
